2026-05-11 23:17:59,337 [Worker-1: Loading available Gradle versions] INFO  o.e.b.c.i.u.g.PublishedGradleVersions - Gradle version information cache is not available. Remote download required.
2026-05-12 01:03:17,798 [Worker-4: Loading available Gradle versions] INFO  o.e.b.c.i.u.g.PublishedGradleVersions - Gradle version information cache is up-to-date. Trying to read.
2026-05-12 01:14:05,301 [Worker-1: Loading available Gradle versions] INFO  o.e.b.c.i.u.g.PublishedGradleVersions - Gradle version information cache is up-to-date. Trying to read.
2026-05-12 01:19:16,455 [Worker-7: Loading available Gradle versions] INFO  o.e.b.c.i.u.g.PublishedGradleVersions - Gradle version information cache is up-to-date. Trying to read.
2026-05-12 02:13:05,942 [Worker-0: Loading available Gradle versions] INFO  o.e.b.c.i.u.g.PublishedGradleVersions - Gradle version information cache is up-to-date. Trying to read.
2026-05-12 14:31:29,415 [Worker-0: Loading available Gradle versions] INFO  o.e.b.c.i.u.g.PublishedGradleVersions - Gradle version information cache is up-to-date. Trying to read.
2026-05-14 03:28:11,940 [Worker-1: Loading available Gradle versions] INFO  o.e.b.c.i.u.g.PublishedGradleVersions - Gradle version information cache is out-of-date. Trying to update.
2026-05-19 07:52:31,254 [Worker-3: Loading available Gradle versions] INFO  o.e.b.c.i.u.g.PublishedGradleVersions - Gradle version information cache is out-of-date. Trying to update.
2026-05-19 21:34:11,915 [Worker-4: Loading available Gradle versions] INFO  o.e.b.c.i.u.g.PublishedGradleVersions - Gradle version information cache is up-to-date. Trying to read.
2026-05-19 22:21:29,755 [Worker-3: Loading available Gradle versions] INFO  o.e.b.c.i.u.g.PublishedGradleVersions - Gradle version information cache is up-to-date. Trying to read.
2026-05-25 16:54:30,742 [Worker-1: Loading available Gradle versions] INFO  o.e.b.c.i.u.g.PublishedGradleVersions - Gradle version information cache is out-of-date. Trying to update.
2026-05-25 18:32:54,061 [Worker-0: Loading available Gradle versions] INFO  o.e.b.c.i.u.g.PublishedGradleVersions - Gradle version information cache is up-to-date. Trying to read.
2026-06-06 23:44:38,437 [Worker-5: Loading available Gradle versions] INFO  o.e.b.c.i.u.g.PublishedGradleVersions - Gradle version information cache is out-of-date. Trying to update.
2026-06-06 23:46:15,325 [Worker-4: Loading available Gradle versions] INFO  o.e.b.c.i.u.g.PublishedGradleVersions - Gradle version information cache is up-to-date. Trying to read.
2026-06-09 00:06:25,500 [Worker-1: Loading available Gradle versions] INFO  o.e.b.c.i.u.g.PublishedGradleVersions - Gradle version information cache is out-of-date. Trying to update.
2026-06-16 03:56:40,034 [Worker-5: Loading available Gradle versions] INFO  o.e.b.c.i.u.g.PublishedGradleVersions - Gradle version information cache is out-of-date. Trying to update.
2026-06-17 03:22:11,705 [Worker-1: Loading available Gradle versions] INFO  o.e.b.c.i.u.g.PublishedGradleVersions - Gradle version information cache is up-to-date. Trying to read.
2026-06-17 03:26:41,515 [Worker-2: Loading available Gradle versions] INFO  o.e.b.c.i.u.g.PublishedGradleVersions - Gradle version information cache is up-to-date. Trying to read.
2026-06-17 22:58:35,634 [Worker-1: Loading available Gradle versions] INFO  o.e.b.c.i.u.g.PublishedGradleVersions - Gradle version information cache is out-of-date. Trying to update.
2026-06-18 02:32:39,594 [Worker-8: Loading available Gradle versions] INFO  o.e.b.c.i.u.g.PublishedGradleVersions - Gradle version information cache is up-to-date. Trying to read.
2026-06-18 21:08:17,143 [Worker-0: Loading available Gradle versions] INFO  o.e.b.c.i.u.g.PublishedGradleVersions - Gradle version information cache is up-to-date. Trying to read.
2026-06-19 16:36:30,909 [Worker-0: Loading available Gradle versions] INFO  o.e.b.c.i.u.g.PublishedGradleVersions - Gradle version information cache is out-of-date. Trying to update.
2026-06-23 16:37:21,927 [Worker-4: Loading available Gradle versions] INFO  o.e.b.c.i.u.g.PublishedGradleVersions - Gradle version information cache is out-of-date. Trying to update.
2026-06-23 16:40:44,470 [Worker-1: Loading available Gradle versions] INFO  o.e.b.c.i.u.g.PublishedGradleVersions - Gradle version information cache is up-to-date. Trying to read.
2026-06-23 16:59:50,218 [Worker-3: Loading available Gradle versions] INFO  o.e.b.c.i.u.g.PublishedGradleVersions - Gradle version information cache is up-to-date. Trying to read.
2026-06-23 17:21:17,745 [Worker-4: Loading available Gradle versions] INFO  o.e.b.c.i.u.g.PublishedGradleVersions - Gradle version information cache is up-to-date. Trying to read.
2026-06-23 17:29:37,010 [Worker-7: Loading available Gradle versions] INFO  o.e.b.c.i.u.g.PublishedGradleVersions - Gradle version information cache is up-to-date. Trying to read.
2026-06-24 12:43:27,289 [Worker-0: Loading available Gradle versions] INFO  o.e.b.c.i.u.g.PublishedGradleVersions - Gradle version information cache is up-to-date. Trying to read.
2026-06-24 13:03:59,564 [Worker-5: Loading available Gradle versions] INFO  o.e.b.c.i.u.g.PublishedGradleVersions - Gradle version information cache is up-to-date. Trying to read.
2026-06-24 13:30:39,224 [Worker-2: Loading available Gradle versions] INFO  o.e.b.c.i.u.g.PublishedGradleVersions - Gradle version information cache is up-to-date. Trying to read.
2026-06-26 01:13:51,848 [Worker-6: Loading available Gradle versions] INFO  o.e.b.c.i.u.g.PublishedGradleVersions - Gradle version information cache is out-of-date. Trying to update.
2026-06-26 11:57:16,987 [Worker-2: Loading available Gradle versions] INFO  o.e.b.c.i.u.g.PublishedGradleVersions - Gradle version information cache is up-to-date. Trying to read.
2026-06-26 14:04:52,805 [Worker-2: Loading available Gradle versions] INFO  o.e.b.c.i.u.g.PublishedGradleVersions - Gradle version information cache is up-to-date. Trying to read.
2026-06-27 21:05:15,886 [Worker-5: Loading available Gradle versions] INFO  o.e.b.c.i.u.g.PublishedGradleVersions - Gradle version information cache is out-of-date. Trying to update.
2026-07-06 21:15:49,429 [Worker-0: Loading available Gradle versions] INFO  o.e.b.c.i.u.g.PublishedGradleVersions - Gradle version information cache is out-of-date. Trying to update.
2026-07-06 21:16:40,974 [Worker-17: Importing Maven projects] INFO  o.e.m.c.i.e.AbstractTransferListenerAdapter - Downloading https://repo.maven.apache.org/maven2/org/apache/maven/plugins/maven-resources-plugin/3.4.0/maven-resources-plugin-3.4.0.jar
2026-07-06 21:16:40,990 [Worker-17: Importing Maven projects] INFO  o.e.m.c.i.e.AbstractTransferListenerAdapter - Downloaded https://repo.maven.apache.org/maven2/org/apache/maven/plugins/maven-resources-plugin/3.4.0/maven-resources-plugin-3.4.0.jar
2026-07-06 21:16:41,043 [Worker-17: Importing Maven projects] INFO  o.e.m.c.i.e.AbstractTransferListenerAdapter - Downloading https://repo.maven.apache.org/maven2/org/apache/maven/plugins/maven-compiler-plugin/3.15.0/maven-compiler-plugin-3.15.0.jar
2026-07-06 21:16:41,071 [Worker-17: Importing Maven projects] INFO  o.e.m.c.i.e.AbstractTransferListenerAdapter - Downloaded https://repo.maven.apache.org/maven2/org/apache/maven/plugins/maven-compiler-plugin/3.15.0/maven-compiler-plugin-3.15.0.jar
2026-07-06 21:16:41,119 [Worker-17: Importing Maven projects] INFO  o.e.m.c.i.e.AbstractTransferListenerAdapter - Downloading https://repo.maven.apache.org/maven2/org/apache/maven/plugins/maven-jar-plugin/3.5.0/maven-jar-plugin-3.5.0.jar
2026-07-06 21:16:41,125 [Worker-17: Importing Maven projects] INFO  o.e.m.c.i.e.AbstractTransferListenerAdapter - Downloaded https://repo.maven.apache.org/maven2/org/apache/maven/plugins/maven-jar-plugin/3.5.0/maven-jar-plugin-3.5.0.jar
2026-07-06 21:16:41,177 [Worker-17: Importing Maven projects] INFO  o.e.m.c.i.e.AbstractTransferListenerAdapter - Downloading https://repo.maven.apache.org/maven2/org/apache/maven/plugins/maven-install-plugin/3.1.4/maven-install-plugin-3.1.4.jar
2026-07-06 21:16:41,189 [Worker-17: Importing Maven projects] INFO  o.e.m.c.i.e.AbstractTransferListenerAdapter - Downloaded https://repo.maven.apache.org/maven2/org/apache/maven/plugins/maven-install-plugin/3.1.4/maven-install-plugin-3.1.4.jar
2026-07-06 21:16:41,245 [Worker-17: Importing Maven projects] INFO  o.e.m.c.i.e.AbstractTransferListenerAdapter - Downloading https://repo.maven.apache.org/maven2/org/apache/maven/plugins/maven-deploy-plugin/3.1.4/maven-deploy-plugin-3.1.4.jar
2026-07-06 21:16:41,255 [Worker-17: Importing Maven projects] INFO  o.e.m.c.i.e.AbstractTransferListenerAdapter - Downloaded https://repo.maven.apache.org/maven2/org/apache/maven/plugins/maven-deploy-plugin/3.1.4/maven-deploy-plugin-3.1.4.jar
2026-07-06 21:16:41,359 [Worker-17: Importing Maven projects] INFO  o.e.m.c.i.e.AbstractTransferListenerAdapter - Downloading https://repo.maven.apache.org/maven2/org/apache/maven/plugins/maven-compiler-plugin/3.15.0/maven-compiler-plugin-3.15.0.pom
2026-07-06 21:16:41,361 [Worker-17: Importing Maven projects] INFO  o.e.m.c.i.e.AbstractTransferListenerAdapter - Downloaded https://repo.maven.apache.org/maven2/org/apache/maven/plugins/maven-compiler-plugin/3.15.0/maven-compiler-plugin-3.15.0.pom
2026-07-06 21:16:41,414 [Worker-17: Importing Maven projects] INFO  o.e.m.c.i.e.AbstractTransferListenerAdapter - Downloading https://repo.maven.apache.org/maven2/org/apache/maven/plugins/maven-plugins/47/maven-plugins-47.pom
2026-07-06 21:16:41,416 [Worker-17: Importing Maven projects] INFO  o.e.m.c.i.e.AbstractTransferListenerAdapter - Downloaded https://repo.maven.apache.org/maven2/org/apache/maven/plugins/maven-plugins/47/maven-plugins-47.pom
2026-07-06 21:16:41,468 [Worker-17: Importing Maven projects] INFO  o.e.m.c.i.e.AbstractTransferListenerAdapter - Downloading https://repo.maven.apache.org/maven2/org/apache/maven/maven-parent/47/maven-parent-47.pom
2026-07-06 21:16:41,471 [Worker-17: Importing Maven projects] INFO  o.e.m.c.i.e.AbstractTransferListenerAdapter - Downloaded https://repo.maven.apache.org/maven2/org/apache/maven/maven-parent/47/maven-parent-47.pom
2026-07-06 21:16:41,523 [Worker-17: Importing Maven projects] INFO  o.e.m.c.i.e.AbstractTransferListenerAdapter - Downloading https://repo.maven.apache.org/maven2/org/apache/apache/37/apache-37.pom
2026-07-06 21:16:41,554 [Worker-17: Importing Maven projects] INFO  o.e.m.c.i.e.AbstractTransferListenerAdapter - Downloaded https://repo.maven.apache.org/maven2/org/apache/apache/37/apache-37.pom
2026-07-06 21:16:41,621 [Worker-17: Importing Maven projects] INFO  o.e.m.c.i.e.AbstractTransferListenerAdapter - Downloading https://repo.maven.apache.org/maven2/org/junit/junit-bom/5.14.2/junit-bom-5.14.2.pom
2026-07-06 21:16:41,622 [Worker-17: Importing Maven projects] INFO  o.e.m.c.i.e.AbstractTransferListenerAdapter - Downloaded https://repo.maven.apache.org/maven2/org/junit/junit-bom/5.14.2/junit-bom-5.14.2.pom
2026-07-06 21:16:41,696 [Worker-17: Importing Maven projects] INFO  o.e.m.c.i.e.AbstractTransferListenerAdapter - Downloading https://repo.maven.apache.org/maven2/org/ow2/asm/asm/9.9.1/asm-9.9.1.pom
2026-07-06 21:16:41,697 [Worker-17: Importing Maven projects] INFO  o.e.m.c.i.e.AbstractTransferListenerAdapter - Downloaded https://repo.maven.apache.org/maven2/org/ow2/asm/asm/9.9.1/asm-9.9.1.pom
2026-07-06 21:16:41,787 [Worker-17: Importing Maven projects] INFO  o.e.m.c.i.e.AbstractTransferListenerAdapter - Downloading https://repo.maven.apache.org/maven2/org/codehaus/plexus/plexus-java/1.5.2/plexus-java-1.5.2.pom
2026-07-06 21:16:41,788 [Worker-17: Importing Maven projects] INFO  o.e.m.c.i.e.AbstractTransferListenerAdapter - Downloaded https://repo.maven.apache.org/maven2/org/codehaus/plexus/plexus-java/1.5.2/plexus-java-1.5.2.pom
2026-07-06 21:16:41,834 [Worker-17: Importing Maven projects] INFO  o.e.m.c.i.e.AbstractTransferListenerAdapter - Downloading https://repo.maven.apache.org/maven2/org/codehaus/plexus/plexus-languages/1.5.2/plexus-languages-1.5.2.pom
2026-07-06 21:16:41,836 [Worker-17: Importing Maven projects] INFO  o.e.m.c.i.e.AbstractTransferListenerAdapter - Downloaded https://repo.maven.apache.org/maven2/org/codehaus/plexus/plexus-languages/1.5.2/plexus-languages-1.5.2.pom
2026-07-06 21:16:41,889 [Worker-17: Importing Maven projects] INFO  o.e.m.c.i.e.AbstractTransferListenerAdapter - Downloading https://repo.maven.apache.org/maven2/org/codehaus/plexus/plexus/24/plexus-24.pom
2026-07-06 21:16:41,899 [Worker-17: Importing Maven projects] INFO  o.e.m.c.i.e.AbstractTransferListenerAdapter - Downloaded https://repo.maven.apache.org/maven2/org/codehaus/plexus/plexus/24/plexus-24.pom
2026-07-06 21:16:41,971 [Worker-17: Importing Maven projects] INFO  o.e.m.c.i.e.AbstractTransferListenerAdapter - Downloading https://repo.maven.apache.org/maven2/org/junit/junit-bom/5.13.4/junit-bom-5.13.4.pom
2026-07-06 21:16:41,973 [Worker-17: Importing Maven projects] INFO  o.e.m.c.i.e.AbstractTransferListenerAdapter - Downloaded https://repo.maven.apache.org/maven2/org/junit/junit-bom/5.13.4/junit-bom-5.13.4.pom
2026-07-06 21:16:42,026 [Worker-17: Importing Maven projects] INFO  o.e.m.c.i.e.AbstractTransferListenerAdapter - Downloading https://repo.maven.apache.org/maven2/com/thoughtworks/qdox/qdox/2.2.0/qdox-2.2.0.pom
2026-07-06 21:16:42,029 [Worker-17: Importing Maven projects] INFO  o.e.m.c.i.e.AbstractTransferListenerAdapter - Downloaded https://repo.maven.apache.org/maven2/com/thoughtworks/qdox/qdox/2.2.0/qdox-2.2.0.pom
2026-07-06 21:16:42,089 [Worker-17: Importing Maven projects] INFO  o.e.m.c.i.e.AbstractTransferListenerAdapter - Downloading https://repo.maven.apache.org/maven2/org/codehaus/plexus/plexus-compiler-api/2.16.2/plexus-compiler-api-2.16.2.pom
2026-07-06 21:16:42,090 [Worker-17: Importing Maven projects] INFO  o.e.m.c.i.e.AbstractTransferListenerAdapter - Downloaded https://repo.maven.apache.org/maven2/org/codehaus/plexus/plexus-compiler-api/2.16.2/plexus-compiler-api-2.16.2.pom
2026-07-06 21:16:42,137 [Worker-17: Importing Maven projects] INFO  o.e.m.c.i.e.AbstractTransferListenerAdapter - Downloading https://repo.maven.apache.org/maven2/org/codehaus/plexus/plexus-compiler/2.16.2/plexus-compiler-2.16.2.pom
2026-07-06 21:16:42,139 [Worker-17: Importing Maven projects] INFO  o.e.m.c.i.e.AbstractTransferListenerAdapter - Downloaded https://repo.maven.apache.org/maven2/org/codehaus/plexus/plexus-compiler/2.16.2/plexus-compiler-2.16.2.pom
2026-07-06 21:16:42,190 [Worker-17: Importing Maven projects] INFO  o.e.m.c.i.e.AbstractTransferListenerAdapter - Downloading https://repo.maven.apache.org/maven2/org/codehaus/plexus/plexus/25/plexus-25.pom
2026-07-06 21:16:42,194 [Worker-17: Importing Maven projects] INFO  o.e.m.c.i.e.AbstractTransferListenerAdapter - Downloaded https://repo.maven.apache.org/maven2/org/codehaus/plexus/plexus/25/plexus-25.pom
2026-07-06 21:16:42,249 [Worker-17: Importing Maven projects] INFO  o.e.m.c.i.e.AbstractTransferListenerAdapter - Downloading https://repo.maven.apache.org/maven2/org/junit/junit-bom/5.14.1/junit-bom-5.14.1.pom
2026-07-06 21:16:42,251 [Worker-17: Importing Maven projects] INFO  o.e.m.c.i.e.AbstractTransferListenerAdapter - Downloaded https://repo.maven.apache.org/maven2/org/junit/junit-bom/5.14.1/junit-bom-5.14.1.pom
2026-07-06 21:16:42,317 [Worker-17: Importing Maven projects] INFO  o.e.m.c.i.e.AbstractTransferListenerAdapter - Downloading https://repo.maven.apache.org/maven2/org/codehaus/plexus/plexus-utils/4.0.2/plexus-utils-4.0.2.pom
2026-07-06 21:16:42,319 [Worker-17: Importing Maven projects] INFO  o.e.m.c.i.e.AbstractTransferListenerAdapter - Downloaded https://repo.maven.apache.org/maven2/org/codehaus/plexus/plexus-utils/4.0.2/plexus-utils-4.0.2.pom
2026-07-06 21:16:42,371 [Worker-17: Importing Maven projects] INFO  o.e.m.c.i.e.AbstractTransferListenerAdapter - Downloading https://repo.maven.apache.org/maven2/org/codehaus/plexus/plexus-compiler-manager/2.16.2/plexus-compiler-manager-2.16.2.pom
2026-07-06 21:16:42,373 [Worker-17: Importing Maven projects] INFO  o.e.m.c.i.e.AbstractTransferListenerAdapter - Downloaded https://repo.maven.apache.org/maven2/org/codehaus/plexus/plexus-compiler-manager/2.16.2/plexus-compiler-manager-2.16.2.pom
2026-07-06 21:16:42,437 [Worker-17: Importing Maven projects] INFO  o.e.m.c.i.e.AbstractTransferListenerAdapter - Downloading https://repo.maven.apache.org/maven2/org/codehaus/plexus/plexus-xml/3.0.1/plexus-xml-3.0.1.pom
2026-07-06 21:16:42,441 [Worker-17: Importing Maven projects] INFO  o.e.m.c.i.e.AbstractTransferListenerAdapter - Downloaded https://repo.maven.apache.org/maven2/org/codehaus/plexus/plexus-xml/3.0.1/plexus-xml-3.0.1.pom
2026-07-06 21:16:42,500 [Worker-17: Importing Maven projects] INFO  o.e.m.c.i.e.AbstractTransferListenerAdapter - Downloading https://repo.maven.apache.org/maven2/org/codehaus/plexus/plexus/18/plexus-18.pom
2026-07-06 21:16:42,506 [Worker-17: Importing Maven projects] INFO  o.e.m.c.i.e.AbstractTransferListenerAdapter - Downloaded https://repo.maven.apache.org/maven2/org/codehaus/plexus/plexus/18/plexus-18.pom
2026-07-06 21:16:42,576 [Worker-17: Importing Maven projects] INFO  o.e.m.c.i.e.AbstractTransferListenerAdapter - Downloading https://repo.maven.apache.org/maven2/org/codehaus/plexus/plexus-compiler-javac/2.16.2/plexus-compiler-javac-2.16.2.pom
2026-07-06 21:16:42,578 [Worker-17: Importing Maven projects] INFO  o.e.m.c.i.e.AbstractTransferListenerAdapter - Downloaded https://repo.maven.apache.org/maven2/org/codehaus/plexus/plexus-compiler-javac/2.16.2/plexus-compiler-javac-2.16.2.pom
2026-07-06 21:16:42,624 [Worker-17: Importing Maven projects] INFO  o.e.m.c.i.e.AbstractTransferListenerAdapter - Downloading https://repo.maven.apache.org/maven2/org/codehaus/plexus/plexus-compilers/2.16.2/plexus-compilers-2.16.2.pom
2026-07-06 21:16:42,625 [Worker-17: Importing Maven projects] INFO  o.e.m.c.i.e.AbstractTransferListenerAdapter - Downloaded https://repo.maven.apache.org/maven2/org/codehaus/plexus/plexus-compilers/2.16.2/plexus-compilers-2.16.2.pom
2026-07-06 21:16:42,685 [Worker-17: Importing Maven projects] INFO  o.e.m.c.i.e.AbstractTransferListenerAdapter - Downloading https://repo.maven.apache.org/maven2/org/ow2/asm/asm/9.9.1/asm-9.9.1.jar
2026-07-06 21:16:42,713 [Worker-17: Importing Maven projects] INFO  o.e.m.c.i.e.AbstractTransferListenerAdapter - Downloaded https://repo.maven.apache.org/maven2/org/ow2/asm/asm/9.9.1/asm-9.9.1.jar
2026-07-06 21:16:42,762 [BasicRepositoryConnector-repo.maven.apache.org-0-0] INFO  o.e.m.c.i.e.AbstractTransferListenerAdapter - Downloading https://repo.maven.apache.org/maven2/org/codehaus/plexus/plexus-java/1.5.2/plexus-java-1.5.2.jar
2026-07-06 21:16:42,770 [BasicRepositoryConnector-repo.maven.apache.org-0-0] INFO  o.e.m.c.i.e.AbstractTransferListenerAdapter - Downloaded https://repo.maven.apache.org/maven2/org/codehaus/plexus/plexus-java/1.5.2/plexus-java-1.5.2.jar
2026-07-06 21:16:42,812 [BasicRepositoryConnector-repo.maven.apache.org-0-0] INFO  o.e.m.c.i.e.AbstractTransferListenerAdapter - Downloading https://repo.maven.apache.org/maven2/org/codehaus/plexus/plexus-compiler-javac/2.16.2/plexus-compiler-javac-2.16.2.jar
2026-07-06 21:16:42,815 [BasicRepositoryConnector-repo.maven.apache.org-0-0] INFO  o.e.m.c.i.e.AbstractTransferListenerAdapter - Downloaded https://repo.maven.apache.org/maven2/org/codehaus/plexus/plexus-compiler-javac/2.16.2/plexus-compiler-javac-2.16.2.jar
2026-07-06 21:16:42,856 [BasicRepositoryConnector-repo.maven.apache.org-0-0] INFO  o.e.m.c.i.e.AbstractTransferListenerAdapter - Downloading https://repo.maven.apache.org/maven2/org/codehaus/plexus/plexus-utils/4.0.2/plexus-utils-4.0.2.jar
2026-07-06 21:16:42,865 [BasicRepositoryConnector-repo.maven.apache.org-0-4] INFO  o.e.m.c.i.e.AbstractTransferListenerAdapter - Downloading https://repo.maven.apache.org/maven2/org/codehaus/plexus/plexus-xml/3.0.1/plexus-xml-3.0.1.jar
2026-07-06 21:16:42,872 [BasicRepositoryConnector-repo.maven.apache.org-0-2] INFO  o.e.m.c.i.e.AbstractTransferListenerAdapter - Downloading https://repo.maven.apache.org/maven2/org/codehaus/plexus/plexus-compiler-api/2.16.2/plexus-compiler-api-2.16.2.jar
2026-07-06 21:16:42,878 [BasicRepositoryConnector-repo.maven.apache.org-0-1] INFO  o.e.m.c.i.e.AbstractTransferListenerAdapter - Downloading https://repo.maven.apache.org/maven2/com/thoughtworks/qdox/qdox/2.2.0/qdox-2.2.0.jar
2026-07-06 21:16:42,879 [BasicRepositoryConnector-repo.maven.apache.org-0-2] INFO  o.e.m.c.i.e.AbstractTransferListenerAdapter - Downloaded https://repo.maven.apache.org/maven2/org/codehaus/plexus/plexus-compiler-api/2.16.2/plexus-compiler-api-2.16.2.jar
2026-07-06 21:16:42,887 [BasicRepositoryConnector-repo.maven.apache.org-0-0] INFO  o.e.m.c.i.e.AbstractTransferListenerAdapter - Downloaded https://repo.maven.apache.org/maven2/org/codehaus/plexus/plexus-utils/4.0.2/plexus-utils-4.0.2.jar
2026-07-06 21:16:42,896 [BasicRepositoryConnector-repo.maven.apache.org-0-3] INFO  o.e.m.c.i.e.AbstractTransferListenerAdapter - Downloading https://repo.maven.apache.org/maven2/org/codehaus/plexus/plexus-compiler-manager/2.16.2/plexus-compiler-manager-2.16.2.jar
2026-07-06 21:16:42,898 [BasicRepositoryConnector-repo.maven.apache.org-0-3] INFO  o.e.m.c.i.e.AbstractTransferListenerAdapter - Downloaded https://repo.maven.apache.org/maven2/org/codehaus/plexus/plexus-compiler-manager/2.16.2/plexus-compiler-manager-2.16.2.jar
2026-07-06 21:16:42,907 [BasicRepositoryConnector-repo.maven.apache.org-0-4] INFO  o.e.m.c.i.e.AbstractTransferListenerAdapter - Downloaded https://repo.maven.apache.org/maven2/org/codehaus/plexus/plexus-xml/3.0.1/plexus-xml-3.0.1.jar
2026-07-06 21:16:42,994 [BasicRepositoryConnector-repo.maven.apache.org-0-1] INFO  o.e.m.c.i.e.AbstractTransferListenerAdapter - Downloaded https://repo.maven.apache.org/maven2/com/thoughtworks/qdox/qdox/2.2.0/qdox-2.2.0.jar
2026-07-06 21:16:43,108 [Worker-17: Importing Maven projects] INFO  o.e.m.c.i.l.LifecycleMappingFactory - Using org.eclipse.m2e.jdt.JarLifecycleMapping lifecycle mapping for MavenProject: tp.pbt:tp-jqwik:1.0-SNAPSHOT @ /home/hani/eclipse-workspace/RapportFSession/tp-jqwik/pom.xml.
2026-07-06 21:16:43,207 [Worker-17: Importing Maven projects] INFO  o.e.m.c.i.e.AbstractTransferListenerAdapter - Downloading https://repo.maven.apache.org/maven2/org/apache/maven/plugins/maven-resources-plugin/3.4.0/maven-resources-plugin-3.4.0.pom
2026-07-06 21:16:43,209 [Worker-17: Importing Maven projects] INFO  o.e.m.c.i.e.AbstractTransferListenerAdapter - Downloaded https://repo.maven.apache.org/maven2/org/apache/maven/plugins/maven-resources-plugin/3.4.0/maven-resources-plugin-3.4.0.pom
2026-07-06 21:16:43,263 [Worker-17: Importing Maven projects] INFO  o.e.m.c.i.e.AbstractTransferListenerAdapter - Downloading https://repo.maven.apache.org/maven2/org/apache/maven/plugins/maven-plugins/45/maven-plugins-45.pom
2026-07-06 21:16:43,266 [Worker-17: Importing Maven projects] INFO  o.e.m.c.i.e.AbstractTransferListenerAdapter - Downloaded https://repo.maven.apache.org/maven2/org/apache/maven/plugins/maven-plugins/45/maven-plugins-45.pom
2026-07-06 21:16:43,323 [Worker-17: Importing Maven projects] INFO  o.e.m.c.i.e.AbstractTransferListenerAdapter - Downloading https://repo.maven.apache.org/maven2/org/apache/maven/maven-parent/45/maven-parent-45.pom
2026-07-06 21:16:43,330 [Worker-17: Importing Maven projects] INFO  o.e.m.c.i.e.AbstractTransferListenerAdapter - Downloaded https://repo.maven.apache.org/maven2/org/apache/maven/maven-parent/45/maven-parent-45.pom
2026-07-06 21:16:43,397 [Worker-17: Importing Maven projects] INFO  o.e.m.c.i.e.AbstractTransferListenerAdapter - Downloading https://repo.maven.apache.org/maven2/org/apache/apache/35/apache-35.pom
2026-07-06 21:16:43,401 [Worker-17: Importing Maven projects] INFO  o.e.m.c.i.e.AbstractTransferListenerAdapter - Downloaded https://repo.maven.apache.org/maven2/org/apache/apache/35/apache-35.pom
2026-07-06 21:16:43,467 [Worker-17: Importing Maven projects] INFO  o.e.m.c.i.e.AbstractTransferListenerAdapter - Downloading https://repo.maven.apache.org/maven2/org/junit/junit-bom/5.13.1/junit-bom-5.13.1.pom
2026-07-06 21:16:43,469 [Worker-17: Importing Maven projects] INFO  o.e.m.c.i.e.AbstractTransferListenerAdapter - Downloaded https://repo.maven.apache.org/maven2/org/junit/junit-bom/5.13.1/junit-bom-5.13.1.pom
2026-07-06 21:16:43,543 [Worker-17: Importing Maven projects] INFO  o.e.m.c.i.e.AbstractTransferListenerAdapter - Downloading https://repo.maven.apache.org/maven2/org/apache/maven/plugins/maven-jar-plugin/3.5.0/maven-jar-plugin-3.5.0.pom
2026-07-06 21:16:43,544 [Worker-17: Importing Maven projects] INFO  o.e.m.c.i.e.AbstractTransferListenerAdapter - Downloaded https://repo.maven.apache.org/maven2/org/apache/maven/plugins/maven-jar-plugin/3.5.0/maven-jar-plugin-3.5.0.pom
2026-07-06 21:16:43,601 [Worker-17: Importing Maven projects] INFO  o.e.m.c.i.e.AbstractTransferListenerAdapter - Downloading https://repo.maven.apache.org/maven2/org/apache/maven/shared/file-management/3.2.0/file-management-3.2.0.pom
2026-07-06 21:16:43,602 [Worker-17: Importing Maven projects] INFO  o.e.m.c.i.e.AbstractTransferListenerAdapter - Downloaded https://repo.maven.apache.org/maven2/org/apache/maven/shared/file-management/3.2.0/file-management-3.2.0.pom
2026-07-06 21:16:43,652 [Worker-17: Importing Maven projects] INFO  o.e.m.c.i.e.AbstractTransferListenerAdapter - Downloading https://repo.maven.apache.org/maven2/org/apache/maven/shared/maven-shared-components/44/maven-shared-components-44.pom
2026-07-06 21:16:43,656 [Worker-17: Importing Maven projects] INFO  o.e.m.c.i.e.AbstractTransferListenerAdapter - Downloaded https://repo.maven.apache.org/maven2/org/apache/maven/shared/maven-shared-components/44/maven-shared-components-44.pom
2026-07-06 21:16:43,715 [Worker-17: Importing Maven projects] INFO  o.e.m.c.i.e.AbstractTransferListenerAdapter - Downloading https://repo.maven.apache.org/maven2/org/apache/maven/maven-parent/44/maven-parent-44.pom
2026-07-06 21:16:43,717 [Worker-17: Importing Maven projects] INFO  o.e.m.c.i.e.AbstractTransferListenerAdapter - Downloaded https://repo.maven.apache.org/maven2/org/apache/maven/maven-parent/44/maven-parent-44.pom
2026-07-06 21:16:43,769 [Worker-17: Importing Maven projects] INFO  o.e.m.c.i.e.AbstractTransferListenerAdapter - Downloading https://repo.maven.apache.org/maven2/org/apache/apache/34/apache-34.pom
2026-07-06 21:16:43,770 [Worker-17: Importing Maven projects] INFO  o.e.m.c.i.e.AbstractTransferListenerAdapter - Downloaded https://repo.maven.apache.org/maven2/org/apache/apache/34/apache-34.pom
2026-07-06 21:16:43,821 [Worker-17: Importing Maven projects] INFO  o.e.m.c.i.e.AbstractTransferListenerAdapter - Downloading https://repo.maven.apache.org/maven2/org/junit/junit-bom/5.12.1/junit-bom-5.12.1.pom
2026-07-06 21:16:43,825 [Worker-17: Importing Maven projects] INFO  o.e.m.c.i.e.AbstractTransferListenerAdapter - Downloaded https://repo.maven.apache.org/maven2/org/junit/junit-bom/5.12.1/junit-bom-5.12.1.pom
2026-07-06 21:16:43,885 [Worker-17: Importing Maven projects] INFO  o.e.m.c.i.e.AbstractTransferListenerAdapter - Downloading https://repo.maven.apache.org/maven2/commons-io/commons-io/2.19.0/commons-io-2.19.0.pom
2026-07-06 21:16:43,889 [Worker-17: Importing Maven projects] INFO  o.e.m.c.i.e.AbstractTransferListenerAdapter - Downloaded https://repo.maven.apache.org/maven2/commons-io/commons-io/2.19.0/commons-io-2.19.0.pom
2026-07-06 21:16:43,952 [Worker-17: Importing Maven projects] INFO  o.e.m.c.i.e.AbstractTransferListenerAdapter - Downloading https://repo.maven.apache.org/maven2/org/apache/commons/commons-parent/81/commons-parent-81.pom
2026-07-06 21:16:43,954 [Worker-17: Importing Maven projects] INFO  o.e.m.c.i.e.AbstractTransferListenerAdapter - Downloaded https://repo.maven.apache.org/maven2/org/apache/commons/commons-parent/81/commons-parent-81.pom
2026-07-06 21:16:44,010 [Worker-17: Importing Maven projects] INFO  o.e.m.c.i.e.AbstractTransferListenerAdapter - Downloading https://repo.maven.apache.org/maven2/org/apache/maven/maven-archiver/3.6.5/maven-archiver-3.6.5.pom
2026-07-06 21:16:44,013 [Worker-17: Importing Maven projects] INFO  o.e.m.c.i.e.AbstractTransferListenerAdapter - Downloaded https://repo.maven.apache.org/maven2/org/apache/maven/maven-archiver/3.6.5/maven-archiver-3.6.5.pom
2026-07-06 21:16:44,073 [Worker-17: Importing Maven projects] INFO  o.e.m.c.i.e.AbstractTransferListenerAdapter - Downloading https://repo.maven.apache.org/maven2/org/apache/maven/shared/maven-shared-components/45/maven-shared-components-45.pom
2026-07-06 21:16:44,077 [Worker-17: Importing Maven projects] INFO  o.e.m.c.i.e.AbstractTransferListenerAdapter - Downloaded https://repo.maven.apache.org/maven2/org/apache/maven/shared/maven-shared-components/45/maven-shared-components-45.pom
2026-07-06 21:16:44,141 [Worker-17: Importing Maven projects] INFO  o.e.m.c.i.e.AbstractTransferListenerAdapter - Downloading https://repo.maven.apache.org/maven2/org/codehaus/plexus/plexus-archiver/4.10.2/plexus-archiver-4.10.2.pom
2026-07-06 21:16:44,142 [Worker-17: Importing Maven projects] INFO  o.e.m.c.i.e.AbstractTransferListenerAdapter - Downloaded https://repo.maven.apache.org/maven2/org/codehaus/plexus/plexus-archiver/4.10.2/plexus-archiver-4.10.2.pom
2026-07-06 21:16:44,209 [Worker-17: Importing Maven projects] INFO  o.e.m.c.i.e.AbstractTransferListenerAdapter - Downloading https://repo.maven.apache.org/maven2/org/codehaus/plexus/plexus/23/plexus-23.pom
2026-07-06 21:16:44,213 [Worker-17: Importing Maven projects] INFO  o.e.m.c.i.e.AbstractTransferListenerAdapter - Downloaded https://repo.maven.apache.org/maven2/org/codehaus/plexus/plexus/23/plexus-23.pom
2026-07-06 21:16:44,278 [Worker-17: Importing Maven projects] INFO  o.e.m.c.i.e.AbstractTransferListenerAdapter - Downloading https://repo.maven.apache.org/maven2/org/codehaus/plexus/plexus-io/3.5.1/plexus-io-3.5.1.pom
2026-07-06 21:16:44,281 [Worker-17: Importing Maven projects] INFO  o.e.m.c.i.e.AbstractTransferListenerAdapter - Downloaded https://repo.maven.apache.org/maven2/org/codehaus/plexus/plexus-io/3.5.1/plexus-io-3.5.1.pom
2026-07-06 21:16:44,341 [Worker-17: Importing Maven projects] INFO  o.e.m.c.i.e.AbstractTransferListenerAdapter - Downloading https://repo.maven.apache.org/maven2/commons-io/commons-io/2.16.1/commons-io-2.16.1.pom
2026-07-06 21:16:44,342 [Worker-17: Importing Maven projects] INFO  o.e.m.c.i.e.AbstractTransferListenerAdapter - Downloaded https://repo.maven.apache.org/maven2/commons-io/commons-io/2.16.1/commons-io-2.16.1.pom
2026-07-06 21:16:44,400 [Worker-17: Importing Maven projects] INFO  o.e.m.c.i.e.AbstractTransferListenerAdapter - Downloading https://repo.maven.apache.org/maven2/org/apache/commons/commons-parent/69/commons-parent-69.pom
2026-07-06 21:16:44,404 [Worker-17: Importing Maven projects] INFO  o.e.m.c.i.e.AbstractTransferListenerAdapter - Downloaded https://repo.maven.apache.org/maven2/org/apache/commons/commons-parent/69/commons-parent-69.pom
2026-07-06 21:16:44,467 [Worker-17: Importing Maven projects] INFO  o.e.m.c.i.e.AbstractTransferListenerAdapter - Downloading https://repo.maven.apache.org/maven2/commons-io/commons-io/2.20.0/commons-io-2.20.0.pom
2026-07-06 21:16:44,468 [Worker-17: Importing Maven projects] INFO  o.e.m.c.i.e.AbstractTransferListenerAdapter - Downloaded https://repo.maven.apache.org/maven2/commons-io/commons-io/2.20.0/commons-io-2.20.0.pom
2026-07-06 21:16:44,523 [Worker-17: Importing Maven projects] INFO  o.e.m.c.i.e.AbstractTransferListenerAdapter - Downloading https://repo.maven.apache.org/maven2/org/apache/commons/commons-parent/85/commons-parent-85.pom
2026-07-06 21:16:44,525 [Worker-17: Importing Maven projects] INFO  o.e.m.c.i.e.AbstractTransferListenerAdapter - Downloaded https://repo.maven.apache.org/maven2/org/apache/commons/commons-parent/85/commons-parent-85.pom
2026-07-06 21:16:44,583 [Worker-17: Importing Maven projects] INFO  o.e.m.c.i.e.AbstractTransferListenerAdapter - Downloading https://repo.maven.apache.org/maven2/org/apache/commons/commons-compress/1.28.0/commons-compress-1.28.0.pom
2026-07-06 21:16:44,585 [Worker-17: Importing Maven projects] INFO  o.e.m.c.i.e.AbstractTransferListenerAdapter - Downloaded https://repo.maven.apache.org/maven2/org/apache/commons/commons-compress/1.28.0/commons-compress-1.28.0.pom
2026-07-06 21:16:44,650 [Worker-17: Importing Maven projects] INFO  o.e.m.c.i.e.AbstractTransferListenerAdapter - Downloading https://repo.maven.apache.org/maven2/commons-codec/commons-codec/1.19.0/commons-codec-1.19.0.pom
2026-07-06 21:16:44,652 [Worker-17: Importing Maven projects] INFO  o.e.m.c.i.e.AbstractTransferListenerAdapter - Downloaded https://repo.maven.apache.org/maven2/commons-codec/commons-codec/1.19.0/commons-codec-1.19.0.pom
2026-07-06 21:16:44,712 [Worker-17: Importing Maven projects] INFO  o.e.m.c.i.e.AbstractTransferListenerAdapter - Downloading https://repo.maven.apache.org/maven2/org/apache/commons/commons-lang3/3.18.0/commons-lang3-3.18.0.pom
2026-07-06 21:16:44,717 [Worker-17: Importing Maven projects] INFO  o.e.m.c.i.e.AbstractTransferListenerAdapter - Downloaded https://repo.maven.apache.org/maven2/org/apache/commons/commons-lang3/3.18.0/commons-lang3-3.18.0.pom
2026-07-06 21:16:44,800 [Worker-17: Importing Maven projects] INFO  o.e.m.c.i.e.AbstractTransferListenerAdapter - Downloading https://repo.maven.apache.org/maven2/io/airlift/aircompressor/0.27/aircompressor-0.27.pom
2026-07-06 21:16:44,803 [Worker-17: Importing Maven projects] INFO  o.e.m.c.i.e.AbstractTransferListenerAdapter - Downloaded https://repo.maven.apache.org/maven2/io/airlift/aircompressor/0.27/aircompressor-0.27.pom
2026-07-06 21:16:44,861 [Worker-17: Importing Maven projects] INFO  o.e.m.c.i.e.AbstractTransferListenerAdapter - Downloading https://repo.maven.apache.org/maven2/io/airlift/airbase/112/airbase-112.pom
2026-07-06 21:16:44,867 [Worker-17: Importing Maven projects] INFO  o.e.m.c.i.e.AbstractTransferListenerAdapter - Downloaded https://repo.maven.apache.org/maven2/io/airlift/airbase/112/airbase-112.pom
2026-07-06 21:16:44,937 [Worker-17: Importing Maven projects] INFO  o.e.m.c.i.e.AbstractTransferListenerAdapter - Downloading https://repo.maven.apache.org/maven2/org/junit/junit-bom/5.8.0-M1/junit-bom-5.8.0-M1.pom
2026-07-06 21:16:44,938 [Worker-17: Importing Maven projects] INFO  o.e.m.c.i.e.AbstractTransferListenerAdapter - Downloaded https://repo.maven.apache.org/maven2/org/junit/junit-bom/5.8.0-M1/junit-bom-5.8.0-M1.pom
2026-07-06 21:16:44,994 [Worker-17: Importing Maven projects] INFO  o.e.m.c.i.e.AbstractTransferListenerAdapter - Downloading https://repo.maven.apache.org/maven2/org/tukaani/xz/1.10/xz-1.10.pom
2026-07-06 21:16:44,995 [Worker-17: Importing Maven projects] INFO  o.e.m.c.i.e.AbstractTransferListenerAdapter - Downloaded https://repo.maven.apache.org/maven2/org/tukaani/xz/1.10/xz-1.10.pom
2026-07-06 21:16:45,048 [Worker-17: Importing Maven projects] INFO  o.e.m.c.i.e.AbstractTransferListenerAdapter - Downloading https://repo.maven.apache.org/maven2/com/github/luben/zstd-jni/1.5.7-4/zstd-jni-1.5.7-4.pom
2026-07-06 21:16:45,049 [Worker-17: Importing Maven projects] INFO  o.e.m.c.i.e.AbstractTransferListenerAdapter - Downloaded https://repo.maven.apache.org/maven2/com/github/luben/zstd-jni/1.5.7-4/zstd-jni-1.5.7-4.pom
2026-07-06 21:16:45,100 [Worker-17: Importing Maven projects] INFO  o.e.m.c.i.e.AbstractTransferListenerAdapter - Downloading https://repo.maven.apache.org/maven2/org/codehaus/plexus/plexus-interpolation/1.28/plexus-interpolation-1.28.pom
2026-07-06 21:16:45,102 [Worker-17: Importing Maven projects] INFO  o.e.m.c.i.e.AbstractTransferListenerAdapter - Downloaded https://repo.maven.apache.org/maven2/org/codehaus/plexus/plexus-interpolation/1.28/plexus-interpolation-1.28.pom
2026-07-06 21:16:45,162 [Worker-17: Importing Maven projects] INFO  o.e.m.c.i.e.AbstractTransferListenerAdapter - Downloading https://repo.maven.apache.org/maven2/org/codehaus/plexus/plexus/20/plexus-20.pom
2026-07-06 21:16:45,167 [Worker-17: Importing Maven projects] INFO  o.e.m.c.i.e.AbstractTransferListenerAdapter - Downloaded https://repo.maven.apache.org/maven2/org/codehaus/plexus/plexus/20/plexus-20.pom
2026-07-06 21:16:45,226 [Worker-17: Importing Maven projects] INFO  o.e.m.c.i.e.AbstractTransferListenerAdapter - Downloading https://repo.maven.apache.org/maven2/org/codehaus/plexus/plexus-archiver/4.10.4/plexus-archiver-4.10.4.pom
2026-07-06 21:16:45,229 [Worker-17: Importing Maven projects] INFO  o.e.m.c.i.e.AbstractTransferListenerAdapter - Downloaded https://repo.maven.apache.org/maven2/org/codehaus/plexus/plexus-archiver/4.10.4/plexus-archiver-4.10.4.pom
2026-07-06 21:16:45,296 [Worker-17: Importing Maven projects] INFO  o.e.m.c.i.e.AbstractTransferListenerAdapter - Downloading https://repo.maven.apache.org/maven2/org/codehaus/plexus/plexus-io/3.6.0/plexus-io-3.6.0.pom
2026-07-06 21:16:45,299 [Worker-17: Importing Maven projects] INFO  o.e.m.c.i.e.AbstractTransferListenerAdapter - Downloaded https://repo.maven.apache.org/maven2/org/codehaus/plexus/plexus-io/3.6.0/plexus-io-3.6.0.pom
2026-07-06 21:16:45,362 [Worker-17: Importing Maven projects] INFO  o.e.m.c.i.e.AbstractTransferListenerAdapter - Downloading https://repo.maven.apache.org/maven2/com/github/luben/zstd-jni/1.5.7-6/zstd-jni-1.5.7-6.pom
2026-07-06 21:16:45,363 [Worker-17: Importing Maven projects] INFO  o.e.m.c.i.e.AbstractTransferListenerAdapter - Downloaded https://repo.maven.apache.org/maven2/com/github/luben/zstd-jni/1.5.7-6/zstd-jni-1.5.7-6.pom
2026-07-06 21:16:45,417 [Worker-17: Importing Maven projects] INFO  o.e.m.c.i.e.AbstractTransferListenerAdapter - Downloading https://repo.maven.apache.org/maven2/commons-io/commons-io/2.21.0/commons-io-2.21.0.pom
2026-07-06 21:16:45,419 [Worker-17: Importing Maven projects] INFO  o.e.m.c.i.e.AbstractTransferListenerAdapter - Downloaded https://repo.maven.apache.org/maven2/commons-io/commons-io/2.21.0/commons-io-2.21.0.pom
2026-07-06 21:16:45,476 [Worker-17: Importing Maven projects] INFO  o.e.m.c.i.e.AbstractTransferListenerAdapter - Downloading https://repo.maven.apache.org/maven2/org/apache/commons/commons-parent/91/commons-parent-91.pom
2026-07-06 21:16:45,478 [Worker-17: Importing Maven projects] INFO  o.e.m.c.i.e.AbstractTransferListenerAdapter - Downloaded https://repo.maven.apache.org/maven2/org/apache/commons/commons-parent/91/commons-parent-91.pom
2026-07-06 21:16:45,540 [Worker-17: Importing Maven projects] INFO  o.e.m.c.i.e.AbstractTransferListenerAdapter - Downloading https://repo.maven.apache.org/maven2/org/apache/maven/shared/file-management/3.2.0/file-management-3.2.0.jar
2026-07-06 21:16:45,541 [Worker-17: Importing Maven projects] INFO  o.e.m.c.i.e.AbstractTransferListenerAdapter - Downloaded https://repo.maven.apache.org/maven2/org/apache/maven/shared/file-management/3.2.0/file-management-3.2.0.jar
2026-07-06 21:16:45,597 [BasicRepositoryConnector-repo.maven.apache.org-1-3] INFO  o.e.m.c.i.e.AbstractTransferListenerAdapter - Downloading https://repo.maven.apache.org/maven2/org/codehaus/plexus/plexus-io/3.6.0/plexus-io-3.6.0.jar
2026-07-06 21:16:45,597 [BasicRepositoryConnector-repo.maven.apache.org-1-4] INFO  o.e.m.c.i.e.AbstractTransferListenerAdapter - Downloading https://repo.maven.apache.org/maven2/org/apache/commons/commons-compress/1.28.0/commons-compress-1.28.0.jar
2026-07-06 21:16:45,600 [BasicRepositoryConnector-repo.maven.apache.org-1-3] INFO  o.e.m.c.i.e.AbstractTransferListenerAdapter - Downloaded https://repo.maven.apache.org/maven2/org/codehaus/plexus/plexus-io/3.6.0/plexus-io-3.6.0.jar
2026-07-06 21:16:45,603 [BasicRepositoryConnector-repo.maven.apache.org-1-1] INFO  o.e.m.c.i.e.AbstractTransferListenerAdapter - Downloading https://repo.maven.apache.org/maven2/org/codehaus/plexus/plexus-interpolation/1.28/plexus-interpolation-1.28.jar
2026-07-06 21:16:45,604 [BasicRepositoryConnector-repo.maven.apache.org-1-2] INFO  o.e.m.c.i.e.AbstractTransferListenerAdapter - Downloading https://repo.maven.apache.org/maven2/org/codehaus/plexus/plexus-archiver/4.10.4/plexus-archiver-4.10.4.jar
2026-07-06 21:16:45,634 [BasicRepositoryConnector-repo.maven.apache.org-1-1] INFO  o.e.m.c.i.e.AbstractTransferListenerAdapter - Downloaded https://repo.maven.apache.org/maven2/org/codehaus/plexus/plexus-interpolation/1.28/plexus-interpolation-1.28.jar
2026-07-06 21:16:45,646 [BasicRepositoryConnector-repo.maven.apache.org-1-3] INFO  o.e.m.c.i.e.AbstractTransferListenerAdapter - Downloading https://repo.maven.apache.org/maven2/commons-codec/commons-codec/1.19.0/commons-codec-1.19.0.jar
2026-07-06 21:16:45,689 [BasicRepositoryConnector-repo.maven.apache.org-1-3] INFO  o.e.m.c.i.e.AbstractTransferListenerAdapter - Downloaded https://repo.maven.apache.org/maven2/commons-codec/commons-codec/1.19.0/commons-codec-1.19.0.jar
2026-07-06 21:16:45,691 [BasicRepositoryConnector-repo.maven.apache.org-1-2] INFO  o.e.m.c.i.e.AbstractTransferListenerAdapter - Downloaded https://repo.maven.apache.org/maven2/org/codehaus/plexus/plexus-archiver/4.10.4/plexus-archiver-4.10.4.jar
2026-07-06 21:16:45,696 [BasicRepositoryConnector-repo.maven.apache.org-1-1] INFO  o.e.m.c.i.e.AbstractTransferListenerAdapter - Downloading https://repo.maven.apache.org/maven2/org/apache/commons/commons-lang3/3.18.0/commons-lang3-3.18.0.jar
2026-07-06 21:16:45,749 [BasicRepositoryConnector-repo.maven.apache.org-1-3] INFO  o.e.m.c.i.e.AbstractTransferListenerAdapter - Downloading https://repo.maven.apache.org/maven2/io/airlift/aircompressor/0.27/aircompressor-0.27.jar
2026-07-06 21:16:45,785 [BasicRepositoryConnector-repo.maven.apache.org-1-3] INFO  o.e.m.c.i.e.AbstractTransferListenerAdapter - Downloaded https://repo.maven.apache.org/maven2/io/airlift/aircompressor/0.27/aircompressor-0.27.jar
2026-07-06 21:16:45,791 [BasicRepositoryConnector-repo.maven.apache.org-1-2] INFO  o.e.m.c.i.e.AbstractTransferListenerAdapter - Downloading https://repo.maven.apache.org/maven2/org/tukaani/xz/1.10/xz-1.10.jar
2026-07-06 21:16:45,799 [BasicRepositoryConnector-repo.maven.apache.org-1-4] INFO  o.e.m.c.i.e.AbstractTransferListenerAdapter - Downloaded https://repo.maven.apache.org/maven2/org/apache/commons/commons-compress/1.28.0/commons-compress-1.28.0.jar
2026-07-06 21:16:45,818 [BasicRepositoryConnector-repo.maven.apache.org-1-2] INFO  o.e.m.c.i.e.AbstractTransferListenerAdapter - Downloaded https://repo.maven.apache.org/maven2/org/tukaani/xz/1.10/xz-1.10.jar
2026-07-06 21:16:45,829 [BasicRepositoryConnector-repo.maven.apache.org-1-1] INFO  o.e.m.c.i.e.AbstractTransferListenerAdapter - Downloaded https://repo.maven.apache.org/maven2/org/apache/commons/commons-lang3/3.18.0/commons-lang3-3.18.0.jar
2026-07-06 21:16:45,837 [BasicRepositoryConnector-repo.maven.apache.org-1-3] INFO  o.e.m.c.i.e.AbstractTransferListenerAdapter - Downloading https://repo.maven.apache.org/maven2/com/github/luben/zstd-jni/1.5.7-6/zstd-jni-1.5.7-6.jar
2026-07-06 21:16:45,842 [BasicRepositoryConnector-repo.maven.apache.org-1-4] INFO  o.e.m.c.i.e.AbstractTransferListenerAdapter - Downloading https://repo.maven.apache.org/maven2/commons-io/commons-io/2.21.0/commons-io-2.21.0.jar
2026-07-06 21:16:45,962 [BasicRepositoryConnector-repo.maven.apache.org-1-4] INFO  o.e.m.c.i.e.AbstractTransferListenerAdapter - Downloaded https://repo.maven.apache.org/maven2/commons-io/commons-io/2.21.0/commons-io-2.21.0.jar
2026-07-06 21:16:46,119 [BasicRepositoryConnector-repo.maven.apache.org-1-0] INFO  o.e.m.c.i.e.AbstractTransferListenerAdapter - Downloading https://repo.maven.apache.org/maven2/org/apache/maven/maven-archiver/3.6.5/maven-archiver-3.6.5.jar
2026-07-06 21:16:46,123 [BasicRepositoryConnector-repo.maven.apache.org-1-0] INFO  o.e.m.c.i.e.AbstractTransferListenerAdapter - Downloaded https://repo.maven.apache.org/maven2/org/apache/maven/maven-archiver/3.6.5/maven-archiver-3.6.5.jar
2026-07-06 21:16:46,407 [BasicRepositoryConnector-repo.maven.apache.org-1-3] INFO  o.e.m.c.i.e.AbstractTransferListenerAdapter - Downloaded https://repo.maven.apache.org/maven2/com/github/luben/zstd-jni/1.5.7-6/zstd-jni-1.5.7-6.jar
2026-07-06 21:16:46,732 [Worker-17: Importing Maven projects] INFO  o.e.m.c.i.e.AbstractTransferListenerAdapter - Downloading https://repo.maven.apache.org/maven2/org/apache/maven/shared/maven-filtering/3.4.0/maven-filtering-3.4.0.pom
2026-07-06 21:16:46,732 [Worker-17: Importing Maven projects] INFO  o.e.m.c.i.e.AbstractTransferListenerAdapter - Downloaded https://repo.maven.apache.org/maven2/org/apache/maven/shared/maven-filtering/3.4.0/maven-filtering-3.4.0.pom
2026-07-06 21:16:46,793 [Worker-17: Importing Maven projects] INFO  o.e.m.c.i.e.AbstractTransferListenerAdapter - Downloading https://repo.maven.apache.org/maven2/org/apache/maven/shared/maven-shared-components/43/maven-shared-components-43.pom
2026-07-06 21:16:46,794 [Worker-17: Importing Maven projects] INFO  o.e.m.c.i.e.AbstractTransferListenerAdapter - Downloaded https://repo.maven.apache.org/maven2/org/apache/maven/shared/maven-shared-components/43/maven-shared-components-43.pom
2026-07-06 21:16:46,858 [Worker-17: Importing Maven projects] INFO  o.e.m.c.i.e.AbstractTransferListenerAdapter - Downloading https://repo.maven.apache.org/maven2/org/codehaus/plexus/plexus-interpolation/1.27/plexus-interpolation-1.27.pom
2026-07-06 21:16:46,858 [Worker-17: Importing Maven projects] INFO  o.e.m.c.i.e.AbstractTransferListenerAdapter - Downloaded https://repo.maven.apache.org/maven2/org/codehaus/plexus/plexus-interpolation/1.27/plexus-interpolation-1.27.pom
2026-07-06 21:16:46,921 [Worker-17: Importing Maven projects] INFO  o.e.m.c.i.e.AbstractTransferListenerAdapter - Downloading https://repo.maven.apache.org/maven2/org/apache/commons/commons-lang3/3.16.0/commons-lang3-3.16.0.pom
2026-07-06 21:16:46,924 [Worker-17: Importing Maven projects] INFO  o.e.m.c.i.e.AbstractTransferListenerAdapter - Downloaded https://repo.maven.apache.org/maven2/org/apache/commons/commons-lang3/3.16.0/commons-lang3-3.16.0.pom
2026-07-06 21:16:46,987 [Worker-17: Importing Maven projects] INFO  o.e.m.c.i.e.AbstractTransferListenerAdapter - Downloading https://repo.maven.apache.org/maven2/org/apache/commons/commons-parent/72/commons-parent-72.pom
2026-07-06 21:16:46,994 [Worker-17: Importing Maven projects] INFO  o.e.m.c.i.e.AbstractTransferListenerAdapter - Downloaded https://repo.maven.apache.org/maven2/org/apache/commons/commons-parent/72/commons-parent-72.pom
2026-07-06 21:16:47,070 [Worker-17: Importing Maven projects] INFO  o.e.m.c.i.e.AbstractTransferListenerAdapter - Downloading https://repo.maven.apache.org/maven2/org/junit/junit-bom/5.11.0-M2/junit-bom-5.11.0-M2.pom
2026-07-06 21:16:47,073 [Worker-17: Importing Maven projects] INFO  o.e.m.c.i.e.AbstractTransferListenerAdapter - Downloaded https://repo.maven.apache.org/maven2/org/junit/junit-bom/5.11.0-M2/junit-bom-5.11.0-M2.pom
2026-07-06 21:16:47,122 [Worker-17: Importing Maven projects] INFO  o.e.m.c.i.e.AbstractTransferListenerAdapter - Downloading https://repo.maven.apache.org/maven2/org/apache/commons/commons-lang3/3.20.0/commons-lang3-3.20.0.pom
2026-07-06 21:16:47,126 [Worker-17: Importing Maven projects] INFO  o.e.m.c.i.e.AbstractTransferListenerAdapter - Downloaded https://repo.maven.apache.org/maven2/org/apache/commons/commons-lang3/3.20.0/commons-lang3-3.20.0.pom
2026-07-06 21:16:47,189 [Worker-17: Importing Maven projects] INFO  o.e.m.c.i.e.AbstractTransferListenerAdapter - Downloading https://repo.maven.apache.org/maven2/org/apache/commons/commons-parent/92/commons-parent-92.pom
2026-07-06 21:16:47,196 [Worker-17: Importing Maven projects] INFO  o.e.m.c.i.e.AbstractTransferListenerAdapter - Downloaded https://repo.maven.apache.org/maven2/org/apache/commons/commons-parent/92/commons-parent-92.pom
2026-07-06 21:16:47,270 [Worker-17: Importing Maven projects] INFO  o.e.m.c.i.e.AbstractTransferListenerAdapter - Downloading https://repo.maven.apache.org/maven2/org/apache/maven/shared/maven-filtering/3.4.0/maven-filtering-3.4.0.jar
2026-07-06 21:16:47,273 [Worker-17: Importing Maven projects] INFO  o.e.m.c.i.e.AbstractTransferListenerAdapter - Downloaded https://repo.maven.apache.org/maven2/org/apache/maven/shared/maven-filtering/3.4.0/maven-filtering-3.4.0.jar
2026-07-06 21:16:47,318 [BasicRepositoryConnector-repo.maven.apache.org-2-1] INFO  o.e.m.c.i.e.AbstractTransferListenerAdapter - Downloading https://repo.maven.apache.org/maven2/commons-io/commons-io/2.16.1/commons-io-2.16.1.jar
2026-07-06 21:16:47,320 [BasicRepositoryConnector-repo.maven.apache.org-2-0] INFO  o.e.m.c.i.e.AbstractTransferListenerAdapter - Downloading https://repo.maven.apache.org/maven2/org/codehaus/plexus/plexus-interpolation/1.27/plexus-interpolation-1.27.jar
2026-07-06 21:16:47,332 [BasicRepositoryConnector-repo.maven.apache.org-2-0] INFO  o.e.m.c.i.e.AbstractTransferListenerAdapter - Downloaded https://repo.maven.apache.org/maven2/org/codehaus/plexus/plexus-interpolation/1.27/plexus-interpolation-1.27.jar
2026-07-06 21:16:47,352 [BasicRepositoryConnector-repo.maven.apache.org-2-2] INFO  o.e.m.c.i.e.AbstractTransferListenerAdapter - Downloading https://repo.maven.apache.org/maven2/org/apache/commons/commons-lang3/3.20.0/commons-lang3-3.20.0.jar
2026-07-06 21:16:47,474 [BasicRepositoryConnector-repo.maven.apache.org-2-2] INFO  o.e.m.c.i.e.AbstractTransferListenerAdapter - Downloaded https://repo.maven.apache.org/maven2/org/apache/commons/commons-lang3/3.20.0/commons-lang3-3.20.0.jar
2026-07-06 21:16:47,627 [BasicRepositoryConnector-repo.maven.apache.org-2-1] INFO  o.e.m.c.i.e.AbstractTransferListenerAdapter - Downloaded https://repo.maven.apache.org/maven2/commons-io/commons-io/2.16.1/commons-io-2.16.1.jar
2026-07-06 21:16:47,685 [Worker-17: Importing Maven projects] INFO  o.e.m.j.i.AbstractJavaProjectConfigurator - Adding source folder /tp-jqwik/src/main/java
2026-07-06 21:16:47,687 [Worker-17: Importing Maven projects] INFO  o.e.m.j.i.AbstractJavaProjectConfigurator - Adding resource folder /tp-jqwik/src/main/resources
2026-07-06 21:16:47,694 [Worker-17: Importing Maven projects] INFO  o.e.m.j.i.AbstractJavaProjectConfigurator - Adding source folder /tp-jqwik/src/test/java
2026-07-06 21:16:47,695 [Worker-17: Importing Maven projects] INFO  o.e.m.j.i.AbstractJavaProjectConfigurator - Adding resource folder /tp-jqwik/src/test/resources
2026-07-06 21:16:47,749 [Worker-13: Download sources and javadoc] INFO  o.e.m.c.i.e.AbstractTransferListenerAdapter - Downloading https://repo.maven.apache.org/maven2/org/junit/jupiter/junit-jupiter/5.11.4/junit-jupiter-5.11.4-sources.jar
2026-07-06 21:16:47,750 [Worker-13: Download sources and javadoc] INFO  o.e.m.c.i.e.AbstractTransferListenerAdapter - Downloaded https://repo.maven.apache.org/maven2/org/junit/jupiter/junit-jupiter/5.11.4/junit-jupiter-5.11.4-sources.jar
2026-07-06 21:16:47,752 [Worker-13: Download sources and javadoc] INFO  o.e.m.j.internal.DownloadSourcesJob - Downloaded sources for org.junit.jupiter:junit-jupiter:5.11.4
2026-07-06 21:16:47,895 [Worker-13: Download sources and javadoc] INFO  o.e.m.c.i.e.AbstractTransferListenerAdapter - Downloading https://repo.maven.apache.org/maven2/org/junit/jupiter/junit-jupiter-api/5.11.4/junit-jupiter-api-5.11.4-sources.jar
2026-07-06 21:16:48,030 [Worker-13: Download sources and javadoc] INFO  o.e.m.c.i.e.AbstractTransferListenerAdapter - Downloaded https://repo.maven.apache.org/maven2/org/junit/jupiter/junit-jupiter-api/5.11.4/junit-jupiter-api-5.11.4-sources.jar
2026-07-06 21:16:48,032 [Worker-13: Download sources and javadoc] INFO  o.e.m.j.internal.DownloadSourcesJob - Downloaded sources for org.junit.jupiter:junit-jupiter-api:5.11.4
2026-07-06 21:16:48,150 [Worker-13: Download sources and javadoc] INFO  o.e.m.c.i.e.AbstractTransferListenerAdapter - Downloading https://repo.maven.apache.org/maven2/org/opentest4j/opentest4j/1.3.0/opentest4j-1.3.0-sources.jar
2026-07-06 21:16:48,154 [Worker-13: Download sources and javadoc] INFO  o.e.m.c.i.e.AbstractTransferListenerAdapter - Downloaded https://repo.maven.apache.org/maven2/org/opentest4j/opentest4j/1.3.0/opentest4j-1.3.0-sources.jar
2026-07-06 21:16:48,155 [Worker-13: Download sources and javadoc] INFO  o.e.m.j.internal.DownloadSourcesJob - Downloaded sources for org.opentest4j:opentest4j:1.3.0
2026-07-06 21:16:48,301 [Worker-13: Download sources and javadoc] INFO  o.e.m.c.i.e.AbstractTransferListenerAdapter - Downloading https://repo.maven.apache.org/maven2/org/junit/platform/junit-platform-commons/1.11.4/junit-platform-commons-1.11.4-sources.jar
2026-07-06 21:16:48,314 [Worker-17: Importing Maven projects] WARN  o.apache.maven.project.MavenProject - Plugin is modifying compileSourceRoots through clear(), which will not work in Maven 4.0.0. Use MavenProject.addCompileSourceRoot()/removeCompileSourceRoot() methods instead. If using a plugin, please upgrade to the latest version or report the issue to the plugin maintainer. To disable these warnings, set -Dmaven.project.sourceRoots.warningsDisabled=true on the command line, in the .mvn/maven.config file, or in project POM properties.
2026-07-06 21:16:48,315 [Worker-17: Importing Maven projects] WARN  o.apache.maven.project.MavenProject - Plugin is modifying compileSourceRoots through add(), which will not work in Maven 4.0.0. Use MavenProject.addCompileSourceRoot()/removeCompileSourceRoot() methods instead. If using a plugin, please upgrade to the latest version or report the issue to the plugin maintainer. To disable these warnings, set -Dmaven.project.sourceRoots.warningsDisabled=true on the command line, in the .mvn/maven.config file, or in project POM properties.
2026-07-06 21:16:48,315 [Worker-17: Importing Maven projects] WARN  o.apache.maven.project.MavenProject - Plugin is modifying testCompileSourceRoots through clear(), which will not work in Maven 4.0.0. Use MavenProject.addTestCompileSourceRoot()/removeTestCompileSourceRoot() methods instead. If using a plugin, please upgrade to the latest version or report the issue to the plugin maintainer. To disable these warnings, set -Dmaven.project.sourceRoots.warningsDisabled=true on the command line, in the .mvn/maven.config file, or in project POM properties.
2026-07-06 21:16:48,315 [Worker-17: Importing Maven projects] WARN  o.apache.maven.project.MavenProject - Plugin is modifying testCompileSourceRoots through add(), which will not work in Maven 4.0.0. Use MavenProject.addTestCompileSourceRoot()/removeTestCompileSourceRoot() methods instead. If using a plugin, please upgrade to the latest version or report the issue to the plugin maintainer. To disable these warnings, set -Dmaven.project.sourceRoots.warningsDisabled=true on the command line, in the .mvn/maven.config file, or in project POM properties.
2026-07-06 21:16:48,331 [Worker-17: Importing Maven projects] INFO  o.e.m.c.i.p.ProjectConfigurationManager - Imported and configured 1 project(s) in 8 sec
2026-07-06 21:16:48,339 [Worker-13: Download sources and javadoc] INFO  o.e.m.c.i.e.AbstractTransferListenerAdapter - Downloaded https://repo.maven.apache.org/maven2/org/junit/platform/junit-platform-commons/1.11.4/junit-platform-commons-1.11.4-sources.jar
2026-07-06 21:16:48,341 [Worker-13: Download sources and javadoc] INFO  o.e.m.j.internal.DownloadSourcesJob - Downloaded sources for org.junit.platform:junit-platform-commons:1.11.4
2026-07-06 21:16:48,493 [Worker-13: Download sources and javadoc] INFO  o.e.m.c.i.e.AbstractTransferListenerAdapter - Downloading https://repo.maven.apache.org/maven2/org/junit/jupiter/junit-jupiter-params/5.11.4/junit-jupiter-params-5.11.4-sources.jar
2026-07-06 21:16:48,540 [Worker-13: Download sources and javadoc] INFO  o.e.m.c.i.e.AbstractTransferListenerAdapter - Downloaded https://repo.maven.apache.org/maven2/org/junit/jupiter/junit-jupiter-params/5.11.4/junit-jupiter-params-5.11.4-sources.jar
2026-07-06 21:16:48,541 [Worker-13: Download sources and javadoc] INFO  o.e.m.j.internal.DownloadSourcesJob - Downloaded sources for org.junit.jupiter:junit-jupiter-params:5.11.4
2026-07-06 21:16:48,672 [Worker-13: Download sources and javadoc] INFO  o.e.m.c.i.e.AbstractTransferListenerAdapter - Downloading https://repo.maven.apache.org/maven2/org/junit/jupiter/junit-jupiter-engine/5.11.4/junit-jupiter-engine-5.11.4-sources.jar
2026-07-06 21:16:48,741 [Worker-13: Download sources and javadoc] INFO  o.e.m.c.i.e.AbstractTransferListenerAdapter - Downloaded https://repo.maven.apache.org/maven2/org/junit/jupiter/junit-jupiter-engine/5.11.4/junit-jupiter-engine-5.11.4-sources.jar
2026-07-06 21:16:48,742 [Worker-13: Download sources and javadoc] INFO  o.e.m.j.internal.DownloadSourcesJob - Downloaded sources for org.junit.jupiter:junit-jupiter-engine:5.11.4
2026-07-06 21:16:48,897 [Worker-13: Download sources and javadoc] INFO  o.e.m.c.i.e.AbstractTransferListenerAdapter - Downloading https://repo.maven.apache.org/maven2/org/junit/platform/junit-platform-engine/1.11.4/junit-platform-engine-1.11.4-sources.jar
2026-07-06 21:16:48,967 [Worker-13: Download sources and javadoc] INFO  o.e.m.c.i.e.AbstractTransferListenerAdapter - Downloaded https://repo.maven.apache.org/maven2/org/junit/platform/junit-platform-engine/1.11.4/junit-platform-engine-1.11.4-sources.jar
2026-07-06 21:16:48,969 [Worker-13: Download sources and javadoc] INFO  o.e.m.j.internal.DownloadSourcesJob - Downloaded sources for org.junit.platform:junit-platform-engine:1.11.4
2026-07-06 21:16:49,101 [Worker-13: Download sources and javadoc] INFO  o.e.m.c.i.e.AbstractTransferListenerAdapter - Downloading https://repo.maven.apache.org/maven2/net/jqwik/jqwik/1.9.0/jqwik-1.9.0-sources.jar
2026-07-06 21:16:49,102 [Worker-13: Download sources and javadoc] INFO  o.e.m.c.i.e.AbstractTransferListenerAdapter - Downloaded https://repo.maven.apache.org/maven2/net/jqwik/jqwik/1.9.0/jqwik-1.9.0-sources.jar
2026-07-06 21:16:49,103 [Worker-13: Download sources and javadoc] INFO  o.e.m.j.internal.DownloadSourcesJob - Downloaded sources for net.jqwik:jqwik:1.9.0
2026-07-06 21:16:49,235 [Worker-13: Download sources and javadoc] INFO  o.e.m.c.i.e.AbstractTransferListenerAdapter - Downloading https://repo.maven.apache.org/maven2/org/apiguardian/apiguardian-api/1.1.2/apiguardian-api-1.1.2-sources.jar
2026-07-06 21:16:49,238 [Worker-13: Download sources and javadoc] INFO  o.e.m.c.i.e.AbstractTransferListenerAdapter - Downloaded https://repo.maven.apache.org/maven2/org/apiguardian/apiguardian-api/1.1.2/apiguardian-api-1.1.2-sources.jar
2026-07-06 21:16:49,239 [Worker-13: Download sources and javadoc] INFO  o.e.m.j.internal.DownloadSourcesJob - Downloaded sources for org.apiguardian:apiguardian-api:1.1.2
2026-07-06 21:16:49,367 [Worker-13: Download sources and javadoc] INFO  o.e.m.c.i.e.AbstractTransferListenerAdapter - Downloading https://repo.maven.apache.org/maven2/net/jqwik/jqwik-api/1.9.0/jqwik-api-1.9.0-sources.jar
2026-07-06 21:16:49,450 [Worker-13: Download sources and javadoc] INFO  o.e.m.c.i.e.AbstractTransferListenerAdapter - Downloaded https://repo.maven.apache.org/maven2/net/jqwik/jqwik-api/1.9.0/jqwik-api-1.9.0-sources.jar
2026-07-06 21:16:49,451 [Worker-13: Download sources and javadoc] INFO  o.e.m.j.internal.DownloadSourcesJob - Downloaded sources for net.jqwik:jqwik-api:1.9.0
2026-07-06 21:16:49,581 [Worker-13: Download sources and javadoc] INFO  o.e.m.c.i.e.AbstractTransferListenerAdapter - Downloading https://repo.maven.apache.org/maven2/net/jqwik/jqwik-web/1.9.0/jqwik-web-1.9.0-sources.jar
2026-07-06 21:16:49,585 [Worker-13: Download sources and javadoc] INFO  o.e.m.c.i.e.AbstractTransferListenerAdapter - Downloaded https://repo.maven.apache.org/maven2/net/jqwik/jqwik-web/1.9.0/jqwik-web-1.9.0-sources.jar
2026-07-06 21:16:49,586 [Worker-13: Download sources and javadoc] INFO  o.e.m.j.internal.DownloadSourcesJob - Downloaded sources for net.jqwik:jqwik-web:1.9.0
2026-07-06 21:16:49,723 [Worker-13: Download sources and javadoc] INFO  o.e.m.c.i.e.AbstractTransferListenerAdapter - Downloading https://repo.maven.apache.org/maven2/net/jqwik/jqwik-time/1.9.0/jqwik-time-1.9.0-sources.jar
2026-07-06 21:16:49,748 [Worker-19: Building] INFO  o.a.m.s.f.DefaultMavenResourcesFiltering - skip non existing resourceDirectory /home/hani/eclipse-workspace/RapportFSession/tp-jqwik/src/main/resources
2026-07-06 21:16:49,752 [Worker-19: Building] INFO  o.a.m.s.f.DefaultMavenResourcesFiltering - skip non existing resourceDirectory /home/hani/eclipse-workspace/RapportFSession/tp-jqwik/src/test/resources
2026-07-06 21:16:49,757 [Worker-13: Download sources and javadoc] INFO  o.e.m.c.i.e.AbstractTransferListenerAdapter - Downloaded https://repo.maven.apache.org/maven2/net/jqwik/jqwik-time/1.9.0/jqwik-time-1.9.0-sources.jar
2026-07-06 21:16:49,759 [Worker-13: Download sources and javadoc] INFO  o.e.m.j.internal.DownloadSourcesJob - Downloaded sources for net.jqwik:jqwik-time:1.9.0
2026-07-06 21:16:49,901 [Worker-13: Download sources and javadoc] INFO  o.e.m.c.i.e.AbstractTransferListenerAdapter - Downloading https://repo.maven.apache.org/maven2/net/jqwik/jqwik-engine/1.9.0/jqwik-engine-1.9.0-sources.jar
2026-07-06 21:16:50,020 [Worker-13: Download sources and javadoc] INFO  o.e.m.c.i.e.AbstractTransferListenerAdapter - Downloaded https://repo.maven.apache.org/maven2/net/jqwik/jqwik-engine/1.9.0/jqwik-engine-1.9.0-sources.jar
2026-07-06 21:16:50,022 [Worker-13: Download sources and javadoc] INFO  o.e.m.j.internal.DownloadSourcesJob - Downloaded sources for net.jqwik:jqwik-engine:1.9.0
2026-07-06 21:16:50,050 [Worker-19: Building] WARN  o.apache.maven.project.MavenProject - Plugin is modifying compileSourceRoots through clear(), which will not work in Maven 4.0.0. Use MavenProject.addCompileSourceRoot()/removeCompileSourceRoot() methods instead. If using a plugin, please upgrade to the latest version or report the issue to the plugin maintainer. To disable these warnings, set -Dmaven.project.sourceRoots.warningsDisabled=true on the command line, in the .mvn/maven.config file, or in project POM properties.
2026-07-06 21:16:50,051 [Worker-19: Building] WARN  o.apache.maven.project.MavenProject - Plugin is modifying compileSourceRoots through add(), which will not work in Maven 4.0.0. Use MavenProject.addCompileSourceRoot()/removeCompileSourceRoot() methods instead. If using a plugin, please upgrade to the latest version or report the issue to the plugin maintainer. To disable these warnings, set -Dmaven.project.sourceRoots.warningsDisabled=true on the command line, in the .mvn/maven.config file, or in project POM properties.
2026-07-06 21:16:50,051 [Worker-19: Building] WARN  o.apache.maven.project.MavenProject - Plugin is modifying testCompileSourceRoots through clear(), which will not work in Maven 4.0.0. Use MavenProject.addTestCompileSourceRoot()/removeTestCompileSourceRoot() methods instead. If using a plugin, please upgrade to the latest version or report the issue to the plugin maintainer. To disable these warnings, set -Dmaven.project.sourceRoots.warningsDisabled=true on the command line, in the .mvn/maven.config file, or in project POM properties.
2026-07-06 21:16:50,051 [Worker-19: Building] WARN  o.apache.maven.project.MavenProject - Plugin is modifying testCompileSourceRoots through add(), which will not work in Maven 4.0.0. Use MavenProject.addTestCompileSourceRoot()/removeTestCompileSourceRoot() methods instead. If using a plugin, please upgrade to the latest version or report the issue to the plugin maintainer. To disable these warnings, set -Dmaven.project.sourceRoots.warningsDisabled=true on the command line, in the .mvn/maven.config file, or in project POM properties.
2026-07-06 21:17:40,139 [Worker-15: Launching Executing test in _home_hani_eclipse-workspace_RapportFSession_tp-jqwik] INFO  o.eclipse.m2e.core.internal.Bundles - getClasspathEntries(Bundle=org.eclipse.m2e.maven.runtime_3.9.1600.20260522-0510 [702])
2026-07-06 21:17:40,140 [Worker-15: Launching Executing test in _home_hani_eclipse-workspace_RapportFSession_tp-jqwik] INFO  o.eclipse.m2e.core.internal.Bundles - 	Entry: /snap/eclipse/139/usr/lib/eclipse/plugins/org.eclipse.m2e.maven.runtime_3.9.1600.20260522-0510
2026-07-06 21:17:40,140 [Worker-15: Launching Executing test in _home_hani_eclipse-workspace_RapportFSession_tp-jqwik] INFO  o.eclipse.m2e.core.internal.Bundles - 	Entry: /snap/eclipse/139/usr/lib/eclipse/plugins/org.eclipse.m2e.maven.runtime_3.9.1600.20260522-0510/jars/aopalliance-1.0.jar
2026-07-06 21:17:40,140 [Worker-15: Launching Executing test in _home_hani_eclipse-workspace_RapportFSession_tp-jqwik] INFO  o.eclipse.m2e.core.internal.Bundles - 	Entry: /snap/eclipse/139/usr/lib/eclipse/plugins/org.eclipse.m2e.maven.runtime_3.9.1600.20260522-0510/jars/asm-9.9.1.jar
2026-07-06 21:17:40,140 [Worker-15: Launching Executing test in _home_hani_eclipse-workspace_RapportFSession_tp-jqwik] INFO  o.eclipse.m2e.core.internal.Bundles - 	Entry: /snap/eclipse/139/usr/lib/eclipse/plugins/org.eclipse.m2e.maven.runtime_3.9.1600.20260522-0510/jars/error_prone_annotations-2.41.0.jar
2026-07-06 21:17:40,140 [Worker-15: Launching Executing test in _home_hani_eclipse-workspace_RapportFSession_tp-jqwik] INFO  o.eclipse.m2e.core.internal.Bundles - 	Entry: /snap/eclipse/139/usr/lib/eclipse/plugins/org.eclipse.m2e.maven.runtime_3.9.1600.20260522-0510/jars/gson-2.13.2.jar
2026-07-06 21:17:40,140 [Worker-15: Launching Executing test in _home_hani_eclipse-workspace_RapportFSession_tp-jqwik] INFO  o.eclipse.m2e.core.internal.Bundles - 	Entry: /snap/eclipse/139/usr/lib/eclipse/plugins/org.eclipse.m2e.maven.runtime_3.9.1600.20260522-0510/jars/guice-5.1.0-classes.jar
2026-07-06 21:17:40,140 [Worker-15: Launching Executing test in _home_hani_eclipse-workspace_RapportFSession_tp-jqwik] INFO  o.eclipse.m2e.core.internal.Bundles - 	Entry: /snap/eclipse/139/usr/lib/eclipse/plugins/org.eclipse.m2e.maven.runtime_3.9.1600.20260522-0510/jars/httpclient-4.5.14.jar
2026-07-06 21:17:40,141 [Worker-15: Launching Executing test in _home_hani_eclipse-workspace_RapportFSession_tp-jqwik] INFO  o.eclipse.m2e.core.internal.Bundles - 	Entry: /snap/eclipse/139/usr/lib/eclipse/plugins/org.eclipse.m2e.maven.runtime_3.9.1600.20260522-0510/jars/httpcore-4.4.16.jar
2026-07-06 21:17:40,141 [Worker-15: Launching Executing test in _home_hani_eclipse-workspace_RapportFSession_tp-jqwik] INFO  o.eclipse.m2e.core.internal.Bundles - 	Entry: /snap/eclipse/139/usr/lib/eclipse/plugins/org.eclipse.m2e.maven.runtime_3.9.1600.20260522-0510/jars/jansi-2.4.3.jar
2026-07-06 21:17:40,141 [Worker-15: Launching Executing test in _home_hani_eclipse-workspace_RapportFSession_tp-jqwik] INFO  o.eclipse.m2e.core.internal.Bundles - 	Entry: /snap/eclipse/139/usr/lib/eclipse/plugins/org.eclipse.m2e.maven.runtime_3.9.1600.20260522-0510/jars/jcl-over-slf4j-1.7.36.jar
2026-07-06 21:17:40,141 [Worker-15: Launching Executing test in _home_hani_eclipse-workspace_RapportFSession_tp-jqwik] INFO  o.eclipse.m2e.core.internal.Bundles - 	Entry: /snap/eclipse/139/usr/lib/eclipse/plugins/org.eclipse.m2e.maven.runtime_3.9.1600.20260522-0510/jars/maven-artifact-3.9.16.jar
2026-07-06 21:17:40,141 [Worker-15: Launching Executing test in _home_hani_eclipse-workspace_RapportFSession_tp-jqwik] INFO  o.eclipse.m2e.core.internal.Bundles - 	Entry: /snap/eclipse/139/usr/lib/eclipse/plugins/org.eclipse.m2e.maven.runtime_3.9.1600.20260522-0510/jars/maven-builder-support-3.9.16.jar
2026-07-06 21:17:40,141 [Worker-15: Launching Executing test in _home_hani_eclipse-workspace_RapportFSession_tp-jqwik] INFO  o.eclipse.m2e.core.internal.Bundles - 	Entry: /snap/eclipse/139/usr/lib/eclipse/plugins/org.eclipse.m2e.maven.runtime_3.9.1600.20260522-0510/jars/maven-compat-3.9.16.jar
2026-07-06 21:17:40,141 [Worker-15: Launching Executing test in _home_hani_eclipse-workspace_RapportFSession_tp-jqwik] INFO  o.eclipse.m2e.core.internal.Bundles - 	Entry: /snap/eclipse/139/usr/lib/eclipse/plugins/org.eclipse.m2e.maven.runtime_3.9.1600.20260522-0510/jars/maven-core-3.9.16.jar
2026-07-06 21:17:40,141 [Worker-15: Launching Executing test in _home_hani_eclipse-workspace_RapportFSession_tp-jqwik] INFO  o.eclipse.m2e.core.internal.Bundles - 	Entry: /snap/eclipse/139/usr/lib/eclipse/plugins/org.eclipse.m2e.maven.runtime_3.9.1600.20260522-0510/jars/maven-embedder-3.9.16.jar
2026-07-06 21:17:40,141 [Worker-15: Launching Executing test in _home_hani_eclipse-workspace_RapportFSession_tp-jqwik] INFO  o.eclipse.m2e.core.internal.Bundles - 	Entry: /snap/eclipse/139/usr/lib/eclipse/plugins/org.eclipse.m2e.maven.runtime_3.9.1600.20260522-0510/jars/maven-model-3.9.16.jar
2026-07-06 21:17:40,141 [Worker-15: Launching Executing test in _home_hani_eclipse-workspace_RapportFSession_tp-jqwik] INFO  o.eclipse.m2e.core.internal.Bundles - 	Entry: /snap/eclipse/139/usr/lib/eclipse/plugins/org.eclipse.m2e.maven.runtime_3.9.1600.20260522-0510/jars/maven-model-builder-3.9.16.jar
2026-07-06 21:17:40,141 [Worker-15: Launching Executing test in _home_hani_eclipse-workspace_RapportFSession_tp-jqwik] INFO  o.eclipse.m2e.core.internal.Bundles - 	Entry: /snap/eclipse/139/usr/lib/eclipse/plugins/org.eclipse.m2e.maven.runtime_3.9.1600.20260522-0510/jars/maven-plugin-api-3.9.16.jar
2026-07-06 21:17:40,141 [Worker-15: Launching Executing test in _home_hani_eclipse-workspace_RapportFSession_tp-jqwik] INFO  o.eclipse.m2e.core.internal.Bundles - 	Entry: /snap/eclipse/139/usr/lib/eclipse/plugins/org.eclipse.m2e.maven.runtime_3.9.1600.20260522-0510/jars/maven-repository-metadata-3.9.16.jar
2026-07-06 21:17:40,141 [Worker-15: Launching Executing test in _home_hani_eclipse-workspace_RapportFSession_tp-jqwik] INFO  o.eclipse.m2e.core.internal.Bundles - 	Entry: /snap/eclipse/139/usr/lib/eclipse/plugins/org.eclipse.m2e.maven.runtime_3.9.1600.20260522-0510/jars/maven-resolver-api-1.9.27.jar
2026-07-06 21:17:40,141 [Worker-15: Launching Executing test in _home_hani_eclipse-workspace_RapportFSession_tp-jqwik] INFO  o.eclipse.m2e.core.internal.Bundles - 	Entry: /snap/eclipse/139/usr/lib/eclipse/plugins/org.eclipse.m2e.maven.runtime_3.9.1600.20260522-0510/jars/maven-resolver-connector-basic-1.9.27.jar
2026-07-06 21:17:40,141 [Worker-15: Launching Executing test in _home_hani_eclipse-workspace_RapportFSession_tp-jqwik] INFO  o.eclipse.m2e.core.internal.Bundles - 	Entry: /snap/eclipse/139/usr/lib/eclipse/plugins/org.eclipse.m2e.maven.runtime_3.9.1600.20260522-0510/jars/maven-resolver-impl-1.9.27.jar
2026-07-06 21:17:40,141 [Worker-15: Launching Executing test in _home_hani_eclipse-workspace_RapportFSession_tp-jqwik] INFO  o.eclipse.m2e.core.internal.Bundles - 	Entry: /snap/eclipse/139/usr/lib/eclipse/plugins/org.eclipse.m2e.maven.runtime_3.9.1600.20260522-0510/jars/maven-resolver-named-locks-1.9.27.jar
2026-07-06 21:17:40,141 [Worker-15: Launching Executing test in _home_hani_eclipse-workspace_RapportFSession_tp-jqwik] INFO  o.eclipse.m2e.core.internal.Bundles - 	Entry: /snap/eclipse/139/usr/lib/eclipse/plugins/org.eclipse.m2e.maven.runtime_3.9.1600.20260522-0510/jars/maven-resolver-provider-3.9.16.jar
2026-07-06 21:17:40,141 [Worker-15: Launching Executing test in _home_hani_eclipse-workspace_RapportFSession_tp-jqwik] INFO  o.eclipse.m2e.core.internal.Bundles - 	Entry: /snap/eclipse/139/usr/lib/eclipse/plugins/org.eclipse.m2e.maven.runtime_3.9.1600.20260522-0510/jars/maven-resolver-spi-1.9.27.jar
2026-07-06 21:17:40,141 [Worker-15: Launching Executing test in _home_hani_eclipse-workspace_RapportFSession_tp-jqwik] INFO  o.eclipse.m2e.core.internal.Bundles - 	Entry: /snap/eclipse/139/usr/lib/eclipse/plugins/org.eclipse.m2e.maven.runtime_3.9.1600.20260522-0510/jars/maven-resolver-transport-file-1.9.27.jar
2026-07-06 21:17:40,141 [Worker-15: Launching Executing test in _home_hani_eclipse-workspace_RapportFSession_tp-jqwik] INFO  o.eclipse.m2e.core.internal.Bundles - 	Entry: /snap/eclipse/139/usr/lib/eclipse/plugins/org.eclipse.m2e.maven.runtime_3.9.1600.20260522-0510/jars/maven-resolver-transport-http-1.9.27.jar
2026-07-06 21:17:40,142 [Worker-15: Launching Executing test in _home_hani_eclipse-workspace_RapportFSession_tp-jqwik] INFO  o.eclipse.m2e.core.internal.Bundles - 	Entry: /snap/eclipse/139/usr/lib/eclipse/plugins/org.eclipse.m2e.maven.runtime_3.9.1600.20260522-0510/jars/maven-resolver-transport-wagon-1.9.27.jar
2026-07-06 21:17:40,142 [Worker-15: Launching Executing test in _home_hani_eclipse-workspace_RapportFSession_tp-jqwik] INFO  o.eclipse.m2e.core.internal.Bundles - 	Entry: /snap/eclipse/139/usr/lib/eclipse/plugins/org.eclipse.m2e.maven.runtime_3.9.1600.20260522-0510/jars/maven-resolver-util-1.9.27.jar
2026-07-06 21:17:40,142 [Worker-15: Launching Executing test in _home_hani_eclipse-workspace_RapportFSession_tp-jqwik] INFO  o.eclipse.m2e.core.internal.Bundles - 	Entry: /snap/eclipse/139/usr/lib/eclipse/plugins/org.eclipse.m2e.maven.runtime_3.9.1600.20260522-0510/jars/maven-settings-3.9.16.jar
2026-07-06 21:17:40,142 [Worker-15: Launching Executing test in _home_hani_eclipse-workspace_RapportFSession_tp-jqwik] INFO  o.eclipse.m2e.core.internal.Bundles - 	Entry: /snap/eclipse/139/usr/lib/eclipse/plugins/org.eclipse.m2e.maven.runtime_3.9.1600.20260522-0510/jars/maven-settings-builder-3.9.16.jar
2026-07-06 21:17:40,142 [Worker-15: Launching Executing test in _home_hani_eclipse-workspace_RapportFSession_tp-jqwik] INFO  o.eclipse.m2e.core.internal.Bundles - 	Entry: /snap/eclipse/139/usr/lib/eclipse/plugins/org.eclipse.m2e.maven.runtime_3.9.1600.20260522-0510/jars/maven-shared-utils-3.4.2.jar
2026-07-06 21:17:40,142 [Worker-15: Launching Executing test in _home_hani_eclipse-workspace_RapportFSession_tp-jqwik] INFO  o.eclipse.m2e.core.internal.Bundles - 	Entry: /snap/eclipse/139/usr/lib/eclipse/plugins/org.eclipse.m2e.maven.runtime_3.9.1600.20260522-0510/jars/org.eclipse.sisu.inject-1.0.0.jar
2026-07-06 21:17:40,142 [Worker-15: Launching Executing test in _home_hani_eclipse-workspace_RapportFSession_tp-jqwik] INFO  o.eclipse.m2e.core.internal.Bundles - 	Entry: /snap/eclipse/139/usr/lib/eclipse/plugins/org.eclipse.m2e.maven.runtime_3.9.1600.20260522-0510/jars/org.eclipse.sisu.plexus-1.0.0.jar
2026-07-06 21:17:40,142 [Worker-15: Launching Executing test in _home_hani_eclipse-workspace_RapportFSession_tp-jqwik] INFO  o.eclipse.m2e.core.internal.Bundles - 	Entry: /snap/eclipse/139/usr/lib/eclipse/plugins/org.eclipse.m2e.maven.runtime_3.9.1600.20260522-0510/jars/plexus-build-api-0.0.7.jar
2026-07-06 21:17:40,142 [Worker-15: Launching Executing test in _home_hani_eclipse-workspace_RapportFSession_tp-jqwik] INFO  o.eclipse.m2e.core.internal.Bundles - 	Entry: /snap/eclipse/139/usr/lib/eclipse/plugins/org.eclipse.m2e.maven.runtime_3.9.1600.20260522-0510/jars/plexus-build-api-1.2.0.jar
2026-07-06 21:17:40,142 [Worker-15: Launching Executing test in _home_hani_eclipse-workspace_RapportFSession_tp-jqwik] INFO  o.eclipse.m2e.core.internal.Bundles - 	Entry: /snap/eclipse/139/usr/lib/eclipse/plugins/org.eclipse.m2e.maven.runtime_3.9.1600.20260522-0510/jars/plexus-cipher-2.0.jar
2026-07-06 21:17:40,142 [Worker-15: Launching Executing test in _home_hani_eclipse-workspace_RapportFSession_tp-jqwik] INFO  o.eclipse.m2e.core.internal.Bundles - 	Entry: /snap/eclipse/139/usr/lib/eclipse/plugins/org.eclipse.m2e.maven.runtime_3.9.1600.20260522-0510/jars/plexus-classworlds-2.11.0.jar
2026-07-06 21:17:40,142 [Worker-15: Launching Executing test in _home_hani_eclipse-workspace_RapportFSession_tp-jqwik] INFO  o.eclipse.m2e.core.internal.Bundles - 	Entry: /snap/eclipse/139/usr/lib/eclipse/plugins/org.eclipse.m2e.maven.runtime_3.9.1600.20260522-0510/jars/plexus-component-annotations-2.2.0.jar
2026-07-06 21:17:40,142 [Worker-15: Launching Executing test in _home_hani_eclipse-workspace_RapportFSession_tp-jqwik] INFO  o.eclipse.m2e.core.internal.Bundles - 	Entry: /snap/eclipse/139/usr/lib/eclipse/plugins/org.eclipse.m2e.maven.runtime_3.9.1600.20260522-0510/jars/plexus-interpolation-1.29.jar
2026-07-06 21:17:40,142 [Worker-15: Launching Executing test in _home_hani_eclipse-workspace_RapportFSession_tp-jqwik] INFO  o.eclipse.m2e.core.internal.Bundles - 	Entry: /snap/eclipse/139/usr/lib/eclipse/plugins/org.eclipse.m2e.maven.runtime_3.9.1600.20260522-0510/jars/plexus-sec-dispatcher-2.0.jar
2026-07-06 21:17:40,142 [Worker-15: Launching Executing test in _home_hani_eclipse-workspace_RapportFSession_tp-jqwik] INFO  o.eclipse.m2e.core.internal.Bundles - 	Entry: /snap/eclipse/139/usr/lib/eclipse/plugins/org.eclipse.m2e.maven.runtime_3.9.1600.20260522-0510/jars/plexus-utils-3.6.1.jar
2026-07-06 21:17:40,142 [Worker-15: Launching Executing test in _home_hani_eclipse-workspace_RapportFSession_tp-jqwik] INFO  o.eclipse.m2e.core.internal.Bundles - 	Entry: /snap/eclipse/139/usr/lib/eclipse/plugins/org.eclipse.m2e.maven.runtime_3.9.1600.20260522-0510/jars/wagon-file-3.5.3.jar
2026-07-06 21:17:40,142 [Worker-15: Launching Executing test in _home_hani_eclipse-workspace_RapportFSession_tp-jqwik] INFO  o.eclipse.m2e.core.internal.Bundles - 	Entry: /snap/eclipse/139/usr/lib/eclipse/plugins/org.eclipse.m2e.maven.runtime_3.9.1600.20260522-0510/jars/wagon-http-3.5.3.jar
2026-07-06 21:17:40,142 [Worker-15: Launching Executing test in _home_hani_eclipse-workspace_RapportFSession_tp-jqwik] INFO  o.eclipse.m2e.core.internal.Bundles - 	Entry: /snap/eclipse/139/usr/lib/eclipse/plugins/org.eclipse.m2e.maven.runtime_3.9.1600.20260522-0510/jars/wagon-http-shared-3.5.3.jar
2026-07-06 21:17:40,142 [Worker-15: Launching Executing test in _home_hani_eclipse-workspace_RapportFSession_tp-jqwik] INFO  o.eclipse.m2e.core.internal.Bundles - 	Entry: /snap/eclipse/139/usr/lib/eclipse/plugins/org.eclipse.m2e.maven.runtime_3.9.1600.20260522-0510/jars/wagon-provider-api-3.5.3.jar
2026-07-06 21:17:40,144 [Worker-15: Launching Executing test in _home_hani_eclipse-workspace_RapportFSession_tp-jqwik] INFO  o.eclipse.m2e.core.internal.Bundles - getClasspathEntries(Bundle=com.google.guava_33.6.0.jre [540])
2026-07-06 21:17:40,145 [Worker-15: Launching Executing test in _home_hani_eclipse-workspace_RapportFSession_tp-jqwik] INFO  o.eclipse.m2e.core.internal.Bundles - 	Entry: /snap/eclipse/139/usr/lib/eclipse/plugins/com.google.guava_33.6.0.jre.jar
2026-07-06 21:17:40,145 [Worker-15: Launching Executing test in _home_hani_eclipse-workspace_RapportFSession_tp-jqwik] INFO  o.eclipse.m2e.core.internal.Bundles - getClasspathEntries(Bundle=slf4j.api_2.0.18 [825])
2026-07-06 21:17:40,145 [Worker-15: Launching Executing test in _home_hani_eclipse-workspace_RapportFSession_tp-jqwik] INFO  o.eclipse.m2e.core.internal.Bundles - 	Entry: /snap/eclipse/139/usr/lib/eclipse/plugins/slf4j.api_2.0.18.jar
2026-07-06 21:17:40,145 [Worker-15: Launching Executing test in _home_hani_eclipse-workspace_RapportFSession_tp-jqwik] INFO  o.eclipse.m2e.core.internal.Bundles - getClasspathEntries(Bundle=jakarta.inject.jakarta.inject-api_1.0.5 [24])
2026-07-06 21:17:40,145 [Worker-15: Launching Executing test in _home_hani_eclipse-workspace_RapportFSession_tp-jqwik] INFO  o.eclipse.m2e.core.internal.Bundles - 	Entry: /snap/eclipse/139/usr/lib/eclipse/plugins/jakarta.inject.jakarta.inject-api_1.0.5.jar
2026-07-06 21:17:40,145 [Worker-15: Launching Executing test in _home_hani_eclipse-workspace_RapportFSession_tp-jqwik] INFO  o.eclipse.m2e.core.internal.Bundles - getClasspathEntries(Bundle=jakarta.annotation-api_1.3.5 [22])
2026-07-06 21:17:40,145 [Worker-15: Launching Executing test in _home_hani_eclipse-workspace_RapportFSession_tp-jqwik] INFO  o.eclipse.m2e.core.internal.Bundles - 	Entry: /snap/eclipse/139/usr/lib/eclipse/plugins/jakarta.annotation-api_1.3.5.jar
2026-07-06 21:17:40,145 [Worker-15: Launching Executing test in _home_hani_eclipse-workspace_RapportFSession_tp-jqwik] INFO  o.eclipse.m2e.core.internal.Bundles - getClasspathEntries(Bundle=org.apache.commons.cli_1.11.0 [56])
2026-07-06 21:17:40,145 [Worker-15: Launching Executing test in _home_hani_eclipse-workspace_RapportFSession_tp-jqwik] INFO  o.eclipse.m2e.core.internal.Bundles - 	Entry: /snap/eclipse/139/usr/lib/eclipse/plugins/org.apache.commons.cli_1.11.0.jar
2026-07-06 21:17:40,145 [Worker-15: Launching Executing test in _home_hani_eclipse-workspace_RapportFSession_tp-jqwik] INFO  o.eclipse.m2e.core.internal.Bundles - getClasspathEntries(Bundle=org.apache.commons.commons-codec_1.22.0 [567])
2026-07-06 21:17:40,145 [Worker-15: Launching Executing test in _home_hani_eclipse-workspace_RapportFSession_tp-jqwik] INFO  o.eclipse.m2e.core.internal.Bundles - 	Entry: /snap/eclipse/139/usr/lib/eclipse/plugins/org.apache.commons.commons-codec_1.22.0.jar
2026-07-06 21:17:40,145 [Worker-15: Launching Executing test in _home_hani_eclipse-workspace_RapportFSession_tp-jqwik] INFO  o.eclipse.m2e.core.internal.Bundles - getClasspathEntries(Bundle=com.google.guava.failureaccess_1.0.3 [14])
2026-07-06 21:17:40,145 [Worker-15: Launching Executing test in _home_hani_eclipse-workspace_RapportFSession_tp-jqwik] INFO  o.eclipse.m2e.core.internal.Bundles - 	Entry: /snap/eclipse/139/usr/lib/eclipse/plugins/com.google.guava.failureaccess_1.0.3.jar
2026-07-06 21:17:40,147 [Worker-15: Launching Executing test in _home_hani_eclipse-workspace_RapportFSession_tp-jqwik] INFO  o.e.m.i.launch.MavenLaunchDelegate - Run build in "/home/hani/eclipse-workspace/RapportFSession/tp-jqwik":
2026-07-06 21:17:40,161 [Worker-15: Launching Executing test in _home_hani_eclipse-workspace_RapportFSession_tp-jqwik] INFO  o.e.m.i.launch.MavenLaunchDelegate -  mvn  -B -Dstyle.color=always test
2026-07-06 21:17:43,734 [Worker-8: Building] INFO  o.a.m.s.f.DefaultMavenResourcesFiltering - skip non existing resourceDirectory /home/hani/eclipse-workspace/RapportFSession/tp-jqwik/src/main/resources
2026-07-06 21:17:43,740 [Worker-8: Building] INFO  o.a.m.s.f.DefaultMavenResourcesFiltering - skip non existing resourceDirectory /home/hani/eclipse-workspace/RapportFSession/tp-jqwik/src/test/resources
2026-07-06 21:17:43,743 [Worker-8: Building] WARN  o.apache.maven.project.MavenProject - Plugin is modifying compileSourceRoots through clear(), which will not work in Maven 4.0.0. Use MavenProject.addCompileSourceRoot()/removeCompileSourceRoot() methods instead. If using a plugin, please upgrade to the latest version or report the issue to the plugin maintainer. To disable these warnings, set -Dmaven.project.sourceRoots.warningsDisabled=true on the command line, in the .mvn/maven.config file, or in project POM properties.
2026-07-06 21:17:43,744 [Worker-8: Building] WARN  o.apache.maven.project.MavenProject - Plugin is modifying compileSourceRoots through add(), which will not work in Maven 4.0.0. Use MavenProject.addCompileSourceRoot()/removeCompileSourceRoot() methods instead. If using a plugin, please upgrade to the latest version or report the issue to the plugin maintainer. To disable these warnings, set -Dmaven.project.sourceRoots.warningsDisabled=true on the command line, in the .mvn/maven.config file, or in project POM properties.
2026-07-06 21:17:43,745 [Worker-8: Building] WARN  o.apache.maven.project.MavenProject - Plugin is modifying testCompileSourceRoots through clear(), which will not work in Maven 4.0.0. Use MavenProject.addTestCompileSourceRoot()/removeTestCompileSourceRoot() methods instead. If using a plugin, please upgrade to the latest version or report the issue to the plugin maintainer. To disable these warnings, set -Dmaven.project.sourceRoots.warningsDisabled=true on the command line, in the .mvn/maven.config file, or in project POM properties.
2026-07-06 21:17:43,745 [Worker-8: Building] WARN  o.apache.maven.project.MavenProject - Plugin is modifying testCompileSourceRoots through add(), which will not work in Maven 4.0.0. Use MavenProject.addTestCompileSourceRoot()/removeTestCompileSourceRoot() methods instead. If using a plugin, please upgrade to the latest version or report the issue to the plugin maintainer. To disable these warnings, set -Dmaven.project.sourceRoots.warningsDisabled=true on the command line, in the .mvn/maven.config file, or in project POM properties.
2026-07-06 21:28:05,457 [Worker-25: Launching Executing test in _home_hani_eclipse-workspace_RapportFSession_tp-jqwik] INFO  o.eclipse.m2e.core.internal.Bundles - getClasspathEntries(Bundle=org.eclipse.m2e.maven.runtime_3.9.1600.20260522-0510 [702])
2026-07-06 21:28:05,458 [Worker-25: Launching Executing test in _home_hani_eclipse-workspace_RapportFSession_tp-jqwik] INFO  o.eclipse.m2e.core.internal.Bundles - 	Entry: /snap/eclipse/139/usr/lib/eclipse/plugins/org.eclipse.m2e.maven.runtime_3.9.1600.20260522-0510
2026-07-06 21:28:05,458 [Worker-25: Launching Executing test in _home_hani_eclipse-workspace_RapportFSession_tp-jqwik] INFO  o.eclipse.m2e.core.internal.Bundles - 	Entry: /snap/eclipse/139/usr/lib/eclipse/plugins/org.eclipse.m2e.maven.runtime_3.9.1600.20260522-0510/jars/aopalliance-1.0.jar
2026-07-06 21:28:05,458 [Worker-25: Launching Executing test in _home_hani_eclipse-workspace_RapportFSession_tp-jqwik] INFO  o.eclipse.m2e.core.internal.Bundles - 	Entry: /snap/eclipse/139/usr/lib/eclipse/plugins/org.eclipse.m2e.maven.runtime_3.9.1600.20260522-0510/jars/asm-9.9.1.jar
2026-07-06 21:28:05,458 [Worker-25: Launching Executing test in _home_hani_eclipse-workspace_RapportFSession_tp-jqwik] INFO  o.eclipse.m2e.core.internal.Bundles - 	Entry: /snap/eclipse/139/usr/lib/eclipse/plugins/org.eclipse.m2e.maven.runtime_3.9.1600.20260522-0510/jars/error_prone_annotations-2.41.0.jar
2026-07-06 21:28:05,458 [Worker-25: Launching Executing test in _home_hani_eclipse-workspace_RapportFSession_tp-jqwik] INFO  o.eclipse.m2e.core.internal.Bundles - 	Entry: /snap/eclipse/139/usr/lib/eclipse/plugins/org.eclipse.m2e.maven.runtime_3.9.1600.20260522-0510/jars/gson-2.13.2.jar
2026-07-06 21:28:05,458 [Worker-25: Launching Executing test in _home_hani_eclipse-workspace_RapportFSession_tp-jqwik] INFO  o.eclipse.m2e.core.internal.Bundles - 	Entry: /snap/eclipse/139/usr/lib/eclipse/plugins/org.eclipse.m2e.maven.runtime_3.9.1600.20260522-0510/jars/guice-5.1.0-classes.jar
2026-07-06 21:28:05,458 [Worker-25: Launching Executing test in _home_hani_eclipse-workspace_RapportFSession_tp-jqwik] INFO  o.eclipse.m2e.core.internal.Bundles - 	Entry: /snap/eclipse/139/usr/lib/eclipse/plugins/org.eclipse.m2e.maven.runtime_3.9.1600.20260522-0510/jars/httpclient-4.5.14.jar
2026-07-06 21:28:05,458 [Worker-25: Launching Executing test in _home_hani_eclipse-workspace_RapportFSession_tp-jqwik] INFO  o.eclipse.m2e.core.internal.Bundles - 	Entry: /snap/eclipse/139/usr/lib/eclipse/plugins/org.eclipse.m2e.maven.runtime_3.9.1600.20260522-0510/jars/httpcore-4.4.16.jar
2026-07-06 21:28:05,458 [Worker-25: Launching Executing test in _home_hani_eclipse-workspace_RapportFSession_tp-jqwik] INFO  o.eclipse.m2e.core.internal.Bundles - 	Entry: /snap/eclipse/139/usr/lib/eclipse/plugins/org.eclipse.m2e.maven.runtime_3.9.1600.20260522-0510/jars/jansi-2.4.3.jar
2026-07-06 21:28:05,458 [Worker-25: Launching Executing test in _home_hani_eclipse-workspace_RapportFSession_tp-jqwik] INFO  o.eclipse.m2e.core.internal.Bundles - 	Entry: /snap/eclipse/139/usr/lib/eclipse/plugins/org.eclipse.m2e.maven.runtime_3.9.1600.20260522-0510/jars/jcl-over-slf4j-1.7.36.jar
2026-07-06 21:28:05,458 [Worker-25: Launching Executing test in _home_hani_eclipse-workspace_RapportFSession_tp-jqwik] INFO  o.eclipse.m2e.core.internal.Bundles - 	Entry: /snap/eclipse/139/usr/lib/eclipse/plugins/org.eclipse.m2e.maven.runtime_3.9.1600.20260522-0510/jars/maven-artifact-3.9.16.jar
2026-07-06 21:28:05,458 [Worker-25: Launching Executing test in _home_hani_eclipse-workspace_RapportFSession_tp-jqwik] INFO  o.eclipse.m2e.core.internal.Bundles - 	Entry: /snap/eclipse/139/usr/lib/eclipse/plugins/org.eclipse.m2e.maven.runtime_3.9.1600.20260522-0510/jars/maven-builder-support-3.9.16.jar
2026-07-06 21:28:05,458 [Worker-25: Launching Executing test in _home_hani_eclipse-workspace_RapportFSession_tp-jqwik] INFO  o.eclipse.m2e.core.internal.Bundles - 	Entry: /snap/eclipse/139/usr/lib/eclipse/plugins/org.eclipse.m2e.maven.runtime_3.9.1600.20260522-0510/jars/maven-compat-3.9.16.jar
2026-07-06 21:28:05,458 [Worker-25: Launching Executing test in _home_hani_eclipse-workspace_RapportFSession_tp-jqwik] INFO  o.eclipse.m2e.core.internal.Bundles - 	Entry: /snap/eclipse/139/usr/lib/eclipse/plugins/org.eclipse.m2e.maven.runtime_3.9.1600.20260522-0510/jars/maven-core-3.9.16.jar
2026-07-06 21:28:05,458 [Worker-25: Launching Executing test in _home_hani_eclipse-workspace_RapportFSession_tp-jqwik] INFO  o.eclipse.m2e.core.internal.Bundles - 	Entry: /snap/eclipse/139/usr/lib/eclipse/plugins/org.eclipse.m2e.maven.runtime_3.9.1600.20260522-0510/jars/maven-embedder-3.9.16.jar
2026-07-06 21:28:05,458 [Worker-25: Launching Executing test in _home_hani_eclipse-workspace_RapportFSession_tp-jqwik] INFO  o.eclipse.m2e.core.internal.Bundles - 	Entry: /snap/eclipse/139/usr/lib/eclipse/plugins/org.eclipse.m2e.maven.runtime_3.9.1600.20260522-0510/jars/maven-model-3.9.16.jar
2026-07-06 21:28:05,459 [Worker-25: Launching Executing test in _home_hani_eclipse-workspace_RapportFSession_tp-jqwik] INFO  o.eclipse.m2e.core.internal.Bundles - 	Entry: /snap/eclipse/139/usr/lib/eclipse/plugins/org.eclipse.m2e.maven.runtime_3.9.1600.20260522-0510/jars/maven-model-builder-3.9.16.jar
2026-07-06 21:28:05,459 [Worker-25: Launching Executing test in _home_hani_eclipse-workspace_RapportFSession_tp-jqwik] INFO  o.eclipse.m2e.core.internal.Bundles - 	Entry: /snap/eclipse/139/usr/lib/eclipse/plugins/org.eclipse.m2e.maven.runtime_3.9.1600.20260522-0510/jars/maven-plugin-api-3.9.16.jar
2026-07-06 21:28:05,459 [Worker-25: Launching Executing test in _home_hani_eclipse-workspace_RapportFSession_tp-jqwik] INFO  o.eclipse.m2e.core.internal.Bundles - 	Entry: /snap/eclipse/139/usr/lib/eclipse/plugins/org.eclipse.m2e.maven.runtime_3.9.1600.20260522-0510/jars/maven-repository-metadata-3.9.16.jar
2026-07-06 21:28:05,459 [Worker-25: Launching Executing test in _home_hani_eclipse-workspace_RapportFSession_tp-jqwik] INFO  o.eclipse.m2e.core.internal.Bundles - 	Entry: /snap/eclipse/139/usr/lib/eclipse/plugins/org.eclipse.m2e.maven.runtime_3.9.1600.20260522-0510/jars/maven-resolver-api-1.9.27.jar
2026-07-06 21:28:05,459 [Worker-25: Launching Executing test in _home_hani_eclipse-workspace_RapportFSession_tp-jqwik] INFO  o.eclipse.m2e.core.internal.Bundles - 	Entry: /snap/eclipse/139/usr/lib/eclipse/plugins/org.eclipse.m2e.maven.runtime_3.9.1600.20260522-0510/jars/maven-resolver-connector-basic-1.9.27.jar
2026-07-06 21:28:05,459 [Worker-25: Launching Executing test in _home_hani_eclipse-workspace_RapportFSession_tp-jqwik] INFO  o.eclipse.m2e.core.internal.Bundles - 	Entry: /snap/eclipse/139/usr/lib/eclipse/plugins/org.eclipse.m2e.maven.runtime_3.9.1600.20260522-0510/jars/maven-resolver-impl-1.9.27.jar
2026-07-06 21:28:05,459 [Worker-25: Launching Executing test in _home_hani_eclipse-workspace_RapportFSession_tp-jqwik] INFO  o.eclipse.m2e.core.internal.Bundles - 	Entry: /snap/eclipse/139/usr/lib/eclipse/plugins/org.eclipse.m2e.maven.runtime_3.9.1600.20260522-0510/jars/maven-resolver-named-locks-1.9.27.jar
2026-07-06 21:28:05,459 [Worker-25: Launching Executing test in _home_hani_eclipse-workspace_RapportFSession_tp-jqwik] INFO  o.eclipse.m2e.core.internal.Bundles - 	Entry: /snap/eclipse/139/usr/lib/eclipse/plugins/org.eclipse.m2e.maven.runtime_3.9.1600.20260522-0510/jars/maven-resolver-provider-3.9.16.jar
2026-07-06 21:28:05,459 [Worker-25: Launching Executing test in _home_hani_eclipse-workspace_RapportFSession_tp-jqwik] INFO  o.eclipse.m2e.core.internal.Bundles - 	Entry: /snap/eclipse/139/usr/lib/eclipse/plugins/org.eclipse.m2e.maven.runtime_3.9.1600.20260522-0510/jars/maven-resolver-spi-1.9.27.jar
2026-07-06 21:28:05,459 [Worker-25: Launching Executing test in _home_hani_eclipse-workspace_RapportFSession_tp-jqwik] INFO  o.eclipse.m2e.core.internal.Bundles - 	Entry: /snap/eclipse/139/usr/lib/eclipse/plugins/org.eclipse.m2e.maven.runtime_3.9.1600.20260522-0510/jars/maven-resolver-transport-file-1.9.27.jar
2026-07-06 21:28:05,459 [Worker-25: Launching Executing test in _home_hani_eclipse-workspace_RapportFSession_tp-jqwik] INFO  o.eclipse.m2e.core.internal.Bundles - 	Entry: /snap/eclipse/139/usr/lib/eclipse/plugins/org.eclipse.m2e.maven.runtime_3.9.1600.20260522-0510/jars/maven-resolver-transport-http-1.9.27.jar
2026-07-06 21:28:05,459 [Worker-25: Launching Executing test in _home_hani_eclipse-workspace_RapportFSession_tp-jqwik] INFO  o.eclipse.m2e.core.internal.Bundles - 	Entry: /snap/eclipse/139/usr/lib/eclipse/plugins/org.eclipse.m2e.maven.runtime_3.9.1600.20260522-0510/jars/maven-resolver-transport-wagon-1.9.27.jar
2026-07-06 21:28:05,459 [Worker-25: Launching Executing test in _home_hani_eclipse-workspace_RapportFSession_tp-jqwik] INFO  o.eclipse.m2e.core.internal.Bundles - 	Entry: /snap/eclipse/139/usr/lib/eclipse/plugins/org.eclipse.m2e.maven.runtime_3.9.1600.20260522-0510/jars/maven-resolver-util-1.9.27.jar
2026-07-06 21:28:05,459 [Worker-25: Launching Executing test in _home_hani_eclipse-workspace_RapportFSession_tp-jqwik] INFO  o.eclipse.m2e.core.internal.Bundles - 	Entry: /snap/eclipse/139/usr/lib/eclipse/plugins/org.eclipse.m2e.maven.runtime_3.9.1600.20260522-0510/jars/maven-settings-3.9.16.jar
2026-07-06 21:28:05,459 [Worker-25: Launching Executing test in _home_hani_eclipse-workspace_RapportFSession_tp-jqwik] INFO  o.eclipse.m2e.core.internal.Bundles - 	Entry: /snap/eclipse/139/usr/lib/eclipse/plugins/org.eclipse.m2e.maven.runtime_3.9.1600.20260522-0510/jars/maven-settings-builder-3.9.16.jar
2026-07-06 21:28:05,459 [Worker-25: Launching Executing test in _home_hani_eclipse-workspace_RapportFSession_tp-jqwik] INFO  o.eclipse.m2e.core.internal.Bundles - 	Entry: /snap/eclipse/139/usr/lib/eclipse/plugins/org.eclipse.m2e.maven.runtime_3.9.1600.20260522-0510/jars/maven-shared-utils-3.4.2.jar
2026-07-06 21:28:05,460 [Worker-25: Launching Executing test in _home_hani_eclipse-workspace_RapportFSession_tp-jqwik] INFO  o.eclipse.m2e.core.internal.Bundles - 	Entry: /snap/eclipse/139/usr/lib/eclipse/plugins/org.eclipse.m2e.maven.runtime_3.9.1600.20260522-0510/jars/org.eclipse.sisu.inject-1.0.0.jar
2026-07-06 21:28:05,460 [Worker-25: Launching Executing test in _home_hani_eclipse-workspace_RapportFSession_tp-jqwik] INFO  o.eclipse.m2e.core.internal.Bundles - 	Entry: /snap/eclipse/139/usr/lib/eclipse/plugins/org.eclipse.m2e.maven.runtime_3.9.1600.20260522-0510/jars/org.eclipse.sisu.plexus-1.0.0.jar
2026-07-06 21:28:05,460 [Worker-25: Launching Executing test in _home_hani_eclipse-workspace_RapportFSession_tp-jqwik] INFO  o.eclipse.m2e.core.internal.Bundles - 	Entry: /snap/eclipse/139/usr/lib/eclipse/plugins/org.eclipse.m2e.maven.runtime_3.9.1600.20260522-0510/jars/plexus-build-api-0.0.7.jar
2026-07-06 21:28:05,460 [Worker-25: Launching Executing test in _home_hani_eclipse-workspace_RapportFSession_tp-jqwik] INFO  o.eclipse.m2e.core.internal.Bundles - 	Entry: /snap/eclipse/139/usr/lib/eclipse/plugins/org.eclipse.m2e.maven.runtime_3.9.1600.20260522-0510/jars/plexus-build-api-1.2.0.jar
2026-07-06 21:28:05,460 [Worker-25: Launching Executing test in _home_hani_eclipse-workspace_RapportFSession_tp-jqwik] INFO  o.eclipse.m2e.core.internal.Bundles - 	Entry: /snap/eclipse/139/usr/lib/eclipse/plugins/org.eclipse.m2e.maven.runtime_3.9.1600.20260522-0510/jars/plexus-cipher-2.0.jar
2026-07-06 21:28:05,460 [Worker-25: Launching Executing test in _home_hani_eclipse-workspace_RapportFSession_tp-jqwik] INFO  o.eclipse.m2e.core.internal.Bundles - 	Entry: /snap/eclipse/139/usr/lib/eclipse/plugins/org.eclipse.m2e.maven.runtime_3.9.1600.20260522-0510/jars/plexus-classworlds-2.11.0.jar
2026-07-06 21:28:05,460 [Worker-25: Launching Executing test in _home_hani_eclipse-workspace_RapportFSession_tp-jqwik] INFO  o.eclipse.m2e.core.internal.Bundles - 	Entry: /snap/eclipse/139/usr/lib/eclipse/plugins/org.eclipse.m2e.maven.runtime_3.9.1600.20260522-0510/jars/plexus-component-annotations-2.2.0.jar
2026-07-06 21:28:05,460 [Worker-25: Launching Executing test in _home_hani_eclipse-workspace_RapportFSession_tp-jqwik] INFO  o.eclipse.m2e.core.internal.Bundles - 	Entry: /snap/eclipse/139/usr/lib/eclipse/plugins/org.eclipse.m2e.maven.runtime_3.9.1600.20260522-0510/jars/plexus-interpolation-1.29.jar
2026-07-06 21:28:05,460 [Worker-25: Launching Executing test in _home_hani_eclipse-workspace_RapportFSession_tp-jqwik] INFO  o.eclipse.m2e.core.internal.Bundles - 	Entry: /snap/eclipse/139/usr/lib/eclipse/plugins/org.eclipse.m2e.maven.runtime_3.9.1600.20260522-0510/jars/plexus-sec-dispatcher-2.0.jar
2026-07-06 21:28:05,460 [Worker-25: Launching Executing test in _home_hani_eclipse-workspace_RapportFSession_tp-jqwik] INFO  o.eclipse.m2e.core.internal.Bundles - 	Entry: /snap/eclipse/139/usr/lib/eclipse/plugins/org.eclipse.m2e.maven.runtime_3.9.1600.20260522-0510/jars/plexus-utils-3.6.1.jar
2026-07-06 21:28:05,460 [Worker-25: Launching Executing test in _home_hani_eclipse-workspace_RapportFSession_tp-jqwik] INFO  o.eclipse.m2e.core.internal.Bundles - 	Entry: /snap/eclipse/139/usr/lib/eclipse/plugins/org.eclipse.m2e.maven.runtime_3.9.1600.20260522-0510/jars/wagon-file-3.5.3.jar
2026-07-06 21:28:05,460 [Worker-25: Launching Executing test in _home_hani_eclipse-workspace_RapportFSession_tp-jqwik] INFO  o.eclipse.m2e.core.internal.Bundles - 	Entry: /snap/eclipse/139/usr/lib/eclipse/plugins/org.eclipse.m2e.maven.runtime_3.9.1600.20260522-0510/jars/wagon-http-3.5.3.jar
2026-07-06 21:28:05,460 [Worker-25: Launching Executing test in _home_hani_eclipse-workspace_RapportFSession_tp-jqwik] INFO  o.eclipse.m2e.core.internal.Bundles - 	Entry: /snap/eclipse/139/usr/lib/eclipse/plugins/org.eclipse.m2e.maven.runtime_3.9.1600.20260522-0510/jars/wagon-http-shared-3.5.3.jar
2026-07-06 21:28:05,460 [Worker-25: Launching Executing test in _home_hani_eclipse-workspace_RapportFSession_tp-jqwik] INFO  o.eclipse.m2e.core.internal.Bundles - 	Entry: /snap/eclipse/139/usr/lib/eclipse/plugins/org.eclipse.m2e.maven.runtime_3.9.1600.20260522-0510/jars/wagon-provider-api-3.5.3.jar
2026-07-06 21:28:05,461 [Worker-25: Launching Executing test in _home_hani_eclipse-workspace_RapportFSession_tp-jqwik] INFO  o.eclipse.m2e.core.internal.Bundles - getClasspathEntries(Bundle=com.google.guava_33.6.0.jre [540])
2026-07-06 21:28:05,461 [Worker-25: Launching Executing test in _home_hani_eclipse-workspace_RapportFSession_tp-jqwik] INFO  o.eclipse.m2e.core.internal.Bundles - 	Entry: /snap/eclipse/139/usr/lib/eclipse/plugins/com.google.guava_33.6.0.jre.jar
2026-07-06 21:28:05,461 [Worker-25: Launching Executing test in _home_hani_eclipse-workspace_RapportFSession_tp-jqwik] INFO  o.eclipse.m2e.core.internal.Bundles - getClasspathEntries(Bundle=slf4j.api_2.0.18 [825])
2026-07-06 21:28:05,461 [Worker-25: Launching Executing test in _home_hani_eclipse-workspace_RapportFSession_tp-jqwik] INFO  o.eclipse.m2e.core.internal.Bundles - 	Entry: /snap/eclipse/139/usr/lib/eclipse/plugins/slf4j.api_2.0.18.jar
2026-07-06 21:28:05,461 [Worker-25: Launching Executing test in _home_hani_eclipse-workspace_RapportFSession_tp-jqwik] INFO  o.eclipse.m2e.core.internal.Bundles - getClasspathEntries(Bundle=jakarta.inject.jakarta.inject-api_1.0.5 [24])
2026-07-06 21:28:05,461 [Worker-25: Launching Executing test in _home_hani_eclipse-workspace_RapportFSession_tp-jqwik] INFO  o.eclipse.m2e.core.internal.Bundles - 	Entry: /snap/eclipse/139/usr/lib/eclipse/plugins/jakarta.inject.jakarta.inject-api_1.0.5.jar
2026-07-06 21:28:05,461 [Worker-25: Launching Executing test in _home_hani_eclipse-workspace_RapportFSession_tp-jqwik] INFO  o.eclipse.m2e.core.internal.Bundles - getClasspathEntries(Bundle=jakarta.annotation-api_1.3.5 [22])
2026-07-06 21:28:05,461 [Worker-25: Launching Executing test in _home_hani_eclipse-workspace_RapportFSession_tp-jqwik] INFO  o.eclipse.m2e.core.internal.Bundles - 	Entry: /snap/eclipse/139/usr/lib/eclipse/plugins/jakarta.annotation-api_1.3.5.jar
2026-07-06 21:28:05,461 [Worker-25: Launching Executing test in _home_hani_eclipse-workspace_RapportFSession_tp-jqwik] INFO  o.eclipse.m2e.core.internal.Bundles - getClasspathEntries(Bundle=org.apache.commons.cli_1.11.0 [56])
2026-07-06 21:28:05,461 [Worker-25: Launching Executing test in _home_hani_eclipse-workspace_RapportFSession_tp-jqwik] INFO  o.eclipse.m2e.core.internal.Bundles - 	Entry: /snap/eclipse/139/usr/lib/eclipse/plugins/org.apache.commons.cli_1.11.0.jar
2026-07-06 21:28:05,461 [Worker-25: Launching Executing test in _home_hani_eclipse-workspace_RapportFSession_tp-jqwik] INFO  o.eclipse.m2e.core.internal.Bundles - getClasspathEntries(Bundle=org.apache.commons.commons-codec_1.22.0 [567])
2026-07-06 21:28:05,461 [Worker-25: Launching Executing test in _home_hani_eclipse-workspace_RapportFSession_tp-jqwik] INFO  o.eclipse.m2e.core.internal.Bundles - 	Entry: /snap/eclipse/139/usr/lib/eclipse/plugins/org.apache.commons.commons-codec_1.22.0.jar
2026-07-06 21:28:05,461 [Worker-25: Launching Executing test in _home_hani_eclipse-workspace_RapportFSession_tp-jqwik] INFO  o.eclipse.m2e.core.internal.Bundles - getClasspathEntries(Bundle=com.google.guava.failureaccess_1.0.3 [14])
2026-07-06 21:28:05,461 [Worker-25: Launching Executing test in _home_hani_eclipse-workspace_RapportFSession_tp-jqwik] INFO  o.eclipse.m2e.core.internal.Bundles - 	Entry: /snap/eclipse/139/usr/lib/eclipse/plugins/com.google.guava.failureaccess_1.0.3.jar
2026-07-06 21:28:05,461 [Worker-25: Launching Executing test in _home_hani_eclipse-workspace_RapportFSession_tp-jqwik] INFO  o.e.m.i.launch.MavenLaunchDelegate - Run build in "/home/hani/eclipse-workspace/RapportFSession/tp-jqwik":
2026-07-06 21:28:05,462 [Worker-25: Launching Executing test in _home_hani_eclipse-workspace_RapportFSession_tp-jqwik] INFO  o.e.m.i.launch.MavenLaunchDelegate -  mvn  -B -Dstyle.color=always test
2026-07-06 21:28:09,804 [Worker-26: Building] INFO  o.a.m.s.f.DefaultMavenResourcesFiltering - skip non existing resourceDirectory /home/hani/eclipse-workspace/RapportFSession/tp-jqwik/src/main/resources
2026-07-06 21:28:09,808 [Worker-26: Building] INFO  o.a.m.s.f.DefaultMavenResourcesFiltering - skip non existing resourceDirectory /home/hani/eclipse-workspace/RapportFSession/tp-jqwik/src/test/resources
2026-07-06 21:28:09,808 [Worker-26: Building] WARN  o.apache.maven.project.MavenProject - Plugin is modifying compileSourceRoots through clear(), which will not work in Maven 4.0.0. Use MavenProject.addCompileSourceRoot()/removeCompileSourceRoot() methods instead. If using a plugin, please upgrade to the latest version or report the issue to the plugin maintainer. To disable these warnings, set -Dmaven.project.sourceRoots.warningsDisabled=true on the command line, in the .mvn/maven.config file, or in project POM properties.
2026-07-06 21:28:09,808 [Worker-26: Building] WARN  o.apache.maven.project.MavenProject - Plugin is modifying compileSourceRoots through add(), which will not work in Maven 4.0.0. Use MavenProject.addCompileSourceRoot()/removeCompileSourceRoot() methods instead. If using a plugin, please upgrade to the latest version or report the issue to the plugin maintainer. To disable these warnings, set -Dmaven.project.sourceRoots.warningsDisabled=true on the command line, in the .mvn/maven.config file, or in project POM properties.
2026-07-06 21:28:09,809 [Worker-26: Building] WARN  o.apache.maven.project.MavenProject - Plugin is modifying testCompileSourceRoots through clear(), which will not work in Maven 4.0.0. Use MavenProject.addTestCompileSourceRoot()/removeTestCompileSourceRoot() methods instead. If using a plugin, please upgrade to the latest version or report the issue to the plugin maintainer. To disable these warnings, set -Dmaven.project.sourceRoots.warningsDisabled=true on the command line, in the .mvn/maven.config file, or in project POM properties.
2026-07-06 21:28:09,809 [Worker-26: Building] WARN  o.apache.maven.project.MavenProject - Plugin is modifying testCompileSourceRoots through add(), which will not work in Maven 4.0.0. Use MavenProject.addTestCompileSourceRoot()/removeTestCompileSourceRoot() methods instead. If using a plugin, please upgrade to the latest version or report the issue to the plugin maintainer. To disable these warnings, set -Dmaven.project.sourceRoots.warningsDisabled=true on the command line, in the .mvn/maven.config file, or in project POM properties.
